Sale Date,Year,Sold By,Product,Revenue,Commission Paid,Paid To Address,Paid to ,Date,Customer,Fuel Type,Rocket Type,Payload (Metric Tones),Fuel Consumption (In metric Tonnes),Est. Lifetime (# Launches)
1/6/2040,2040,Leo Rockett,Atomic Eve,6905470,"$690,547 ","4321 Summit Ave, Bellingham, WA 98225",Leo Rockett,1/6/2040,Dick's Drive-In,Uranium 235,Uranium 235,2000,1,20
2/12/2040,2040,Luna Vector,Atomic Eve,10811151,"$540,558 ","7890 Harbor St, Spokane, WA 99201",Luna Vector,2/12/2040,Pagliacci Pizza,Uranium 235,Uranium 235,2000,1,20
2/23/2040,2040,Chase Armstrong,Atomic Eve,11320630,"$679,238 ","1234 Evergreen Way, Seattle, WA 98101",Debbie Armstrong,2/23/2040,Dick's Drive-In,Uranium 235,Uranium 235,2000,1,20
4/27/2040,2040,Stella Ignis,Atomic Eve,11266653,"$450,666 ","2345 Alder Lane, Redmond, WA 98052",Stella Ignis,4/27/2040,Dick's Drive-In,Uranium 235,Uranium 235,2000,1,20
8/3/2040,2040,Stella Ignis,Atomic Eve,11372020,"$454,881 ","2345 Alder Lane, Redmond, WA 98052",Stella Ignis,8/3/2040,Dick's Drive-In,Uranium 235,Uranium 235,2000,1,20
9/6/2040,2040,Nova Kepler,Atomic Eve,11650314,"$466,013 ","987 Pinecrest Blvd, Bellevue, WA 98004",Nova Kepler,9/6/2040,Dick's Drive-In,Uranium 235,Uranium 235,2000,1,20
10/5/2040,2040,Leo Rockett,Atomic Eve,7715891,"$771,589 ","4321 Summit Ave, Bellingham, WA 98225",Leo Rockett,10/5/2040,Pagliacci Pizza,Uranium 235,Uranium 235,2000,1,20
10/16/2040,2040,Vega Zenith,Atomic Eve,11259177,"$450,367 ","2468 Cedar St, Everett, WA 98201",Vega Zenith,10/16/2040,Dick's Drive-In,Uranium 235,Uranium 235,2000,1,20
11/29/2040,2040,Leo Rockett,Atomic Eve,7422117,"$742,212 ","4321 Summit Ave, Bellingham, WA 98225",Leo Rockett,11/29/2040,Dick's Drive-In,Uranium 235,Uranium 235,2000,1,20
12/12/2040,2040,Leo Rockett,Atomic Eve,6772383,"$677,238 ","4321 Summit Ave, Bellingham, WA 98225",Leo Rockett,12/12/2040,Dick's Drive-In,Uranium 235,Uranium 235,2000,1,20
12/29/2040,2040,Leo Rockett,Atomic Eve,7449160,"$744,916 ","4321 Summit Ave, Bellingham, WA 98225",Leo Rockett,12/29/2040,Pagliacci Pizza,Uranium 235,Uranium 235,2000,1,20
3/26/2041,2041,Vega Zenith,Atomic Eve,11279593,"$451,184 ","2468 Cedar St, Everett, WA 98201",Vega Zenith,3/26/2041,Pagliacci Pizza,Uranium 235,Uranium 235,2000,1,20
4/22/2041,2041,Nova Kepler,Atomic Eve,10811156,"$432,446 ","987 Pinecrest Blvd, Bellevue, WA 98004",Nova Kepler,4/22/2041,Dick's Drive-In,Uranium 235,Uranium 235,2000,1,20
5/4/2041,2041,Atlas Ryder,Atomic Eve,10445354,"$417,814 ","1357 Rainier Rd, Kirkland, WA 98033",Atlas Ryder,5/4/2041,Pagliacci Pizza,Uranium 235,Uranium 235,2000,1,20
7/30/2041,2041,Cassio Skyler,Atomic Eve,10985384,"$439,415 ","5678 Ridgeview Terrace, Renton, WA 98055",Cassio Skyler,7/30/2041,Dick's Drive-In,Uranium 235,Uranium 235,2000,1,20
8/26/2041,2041,Leo Rockett,Atomic Eve,7310868,"$731,087 ","4321 Summit Ave, Bellingham, WA 98225",Leo Rockett,8/26/2041,Dick's Drive-In,Uranium 235,Uranium 235,2000,1,20
10/17/2041,2041,Leo Rockett,Atomic Eve,7199191,"$719,919 ","4321 Summit Ave, Bellingham, WA 98225",Leo Rockett,10/17/2041,Pagliacci Pizza,Uranium 235,Uranium 235,2000,1,20
11/26/2041,2041,Leo Rockett,Atomic Eve,7718432,"$771,843 ","4321 Summit Ave, Bellingham, WA 98225",Leo Rockett,11/26/2041,Pagliacci Pizza,Uranium 235,Uranium 235,2000,1,20
3/19/2042,2042,Leo Rockett,Atomic Eve,7727658,"$772,766 ","4321 Summit Ave, Bellingham, WA 98225",Leo Rockett,3/19/2042,Pagliacci Pizza,Uranium 235,Uranium 235,2000,1,20
4/7/2042,2042,Vega Zenith,Atomic Eve,10605982,"$424,239 ","2468 Cedar St, Everett, WA 98201",Vega Zenith,4/7/2042,Pagliacci Pizza,Uranium 235,Uranium 235,2000,1,20
5/22/2042,2042,Nova Kepler,Atomic Eve,11509666,"$460,387 ","987 Pinecrest Blvd, Bellevue, WA 98004",Nova Kepler,5/22/2042,Dick's Drive-In,Uranium 235,Uranium 235,2000,1,20
6/5/2042,2042,Atlas Ryder,Atomic Eve,10464623,"$418,585 ","1357 Rainier Rd, Kirkland, WA 98033",Atlas Ryder,6/5/2042,Dick's Drive-In,Uranium 235,Uranium 235,2000,1,20
6/16/2042,2042,Leo Rockett,Atomic Eve,7646625,"$764,663 ","4321 Summit Ave, Bellingham, WA 98225",Leo Rockett,6/16/2042,Pagliacci Pizza,Uranium 235,Uranium 235,2000,1,20
8/4/2042,2042,Leo Rockett,Atomic Eve,6958504,"$695,850 ","4321 Summit Ave, Bellingham, WA 98225",Leo Rockett,8/4/2042,Dick's Drive-In,Uranium 235,Uranium 235,2000,1,20
10/13/2042,2042,Leo Rockett,Atomic Eve,7789447,"$778,945 ","4321 Summit Ave, Bellingham, WA 98225",Leo Rockett,10/13/2042,Pagliacci Pizza,Uranium 235,Uranium 235,2000,1,20
11/24/2042,2042,Cassio Skyler,Atomic Eve,11195063,"$447,803 ","5678 Ridgeview Terrace, Renton, WA 98055",Cassio Skyler,11/24/2042,Pagliacci Pizza,Uranium 235,Uranium 235,2000,1,20
11/28/2042,2042,Chase Armstrong,Atomic Eve,11293128,"$677,588 ","1234 Evergreen Way, Seattle, WA 98101",Debbie Armstrong,11/28/2042,Pagliacci Pizza,Uranium 235,Uranium 235,2000,1,20
12/7/2042,2042,Vega Zenith,Atomic Eve,11286619,"$451,465 ","2468 Cedar St, Everett, WA 98201",Vega Zenith,12/7/2042,Dick's Drive-In,Uranium 235,Uranium 235,2000,1,20
1/24/2043,2043,Chase Armstrong,Atomic Eve,10878073,"$652,684 ","1234 Evergreen Way, Seattle, WA 98101",Debbie Armstrong,1/24/2043,Dick's Drive-In,Uranium 235,Uranium 235,2000,1,20
1/29/2043,2043,Luna Vector,Atomic Eve,10500488,"$525,024 ","7890 Harbor St, Spokane, WA 99201",Luna Vector,1/29/2043,Pagliacci Pizza,Uranium 235,Uranium 235,2000,1,20
3/10/2043,2043,Chase Armstrong,Atomic Eve,11220403,"$673,224 ","1234 Evergreen Way, Seattle, WA 98101",Debbie Armstrong,3/10/2043,Dick's Drive-In,Uranium 235,Uranium 235,2000,1,20
3/27/2043,2043,Leo Rockett,Atomic Eve,7574231,"$757,423 ","4321 Summit Ave, Bellingham, WA 98225",Leo Rockett,3/27/2043,Dick's Drive-In,Uranium 235,Uranium 235,2000,1,20
6/12/2043,2043,Leo Rockett,Atomic Eve,7603768,"$760,377 ","4321 Summit Ave, Bellingham, WA 98225",Leo Rockett,6/12/2043,Dick's Drive-In,Uranium 235,Uranium 235,2000,1,20
6/27/2043,2043,Atlas Ryder,Atomic Eve,10919577,"$436,783 ","1357 Rainier Rd, Kirkland, WA 98033",Atlas Ryder,6/27/2043,Pagliacci Pizza,Uranium 235,Uranium 235,2000,1,20
8/27/2043,2043,Chase Armstrong,Atomic Eve,10928449,"$655,707 ","1234 Evergreen Way, Seattle, WA 98101",Debbie Armstrong,8/27/2043,Pagliacci Pizza,Uranium 235,Uranium 235,2000,1,20
9/26/2043,2043,Luna Vector,Atomic Eve,10711121,"$535,556 ","7890 Harbor St, Spokane, WA 99201",Luna Vector,9/26/2043,Dick's Drive-In,Uranium 235,Uranium 235,2000,1,20
10/19/2043,2043,Chase Armstrong,Atomic Eve,11764973,"$705,898 ","1234 Evergreen Way, Seattle, WA 98101",Debbie Armstrong,10/19/2043,Dick's Drive-In,Uranium 235,Uranium 235,2000,1,20
11/8/2043,2043,Chase Armstrong,Atomic Eve,11250325,"$675,020 ","1234 Evergreen Way, Seattle, WA 98101",Debbie Armstrong,11/8/2043,Pagliacci Pizza,Uranium 235,Uranium 235,2000,1,20
11/27/2043,2043,Nova Kepler,Atomic Eve,10860900,"$434,436 ","987 Pinecrest Blvd, Bellevue, WA 98004",Nova Kepler,11/27/2043,Pagliacci Pizza,Uranium 235,Uranium 235,2000,1,20
1/13/2044,2044,Vega Zenith,Atomic Eve,10923191,"$436,928 ","2468 Cedar St, Everett, WA 98201",Vega Zenith,1/13/2044,Dick's Drive-In,Uranium 235,Uranium 235,2000,1,20
4/26/2044,2044,Chase Armstrong,Atomic Eve,11546136,"$692,768 ","1234 Evergreen Way, Seattle, WA 98101",Debbie Armstrong,4/26/2044,Pagliacci Pizza,Uranium 235,Uranium 235,2000,1,20
6/14/2044,2044,Stella Ignis,Atomic Eve,10784753,"$431,390 ","2345 Alder Lane, Redmond, WA 98052",Stella Ignis,6/14/2044,Dick's Drive-In,Uranium 235,Uranium 235,2000,1,20
7/13/2044,2044,Cassio Skyler,Atomic Eve,10725593,"$429,024 ","5678 Ridgeview Terrace, Renton, WA 98055",Cassio Skyler,7/13/2044,Pagliacci Pizza,Uranium 235,Uranium 235,2000,1,20
8/6/2044,2044,Vega Zenith,Atomic Eve,11194433,"$447,777 ","2468 Cedar St, Everett, WA 98201",Vega Zenith,8/6/2044,Pagliacci Pizza,Uranium 235,Uranium 235,2000,1,20
9/9/2045,2045,Leo Rockett,Atomic Eve,7000923,"$700,092 ","4321 Summit Ave, Bellingham, WA 98225",Leo Rockett,9/9/2045,Dick's Drive-In,Uranium 235,Uranium 235,2000,1,20
9/24/2045,2045,Atlas Ryder,Atomic Eve,10827012,"$433,080 ","1357 Rainier Rd, Kirkland, WA 98033",Atlas Ryder,9/24/2045,Pagliacci Pizza,Uranium 235,Uranium 235,2000,1,20
5/22/2046,2046,Leo Rockett,Atomic Eve,7238247,"$723,825 ","4321 Summit Ave, Bellingham, WA 98225",Leo Rockett,5/22/2046,Dick's Drive-In,Uranium 235,Uranium 235,2000,1,20
7/7/2046,2046,Leo Rockett,Atomic Eve,7360336,"$736,034 ","4321 Summit Ave, Bellingham, WA 98225",Leo Rockett,7/7/2046,Pagliacci Pizza,Uranium 235,Uranium 235,2000,1,20
7/4/2047,2047,Cassio Skyler,Atomic Eve,11343806,"$453,752 ","5678 Ridgeview Terrace, Renton, WA 98055",Cassio Skyler,7/4/2047,Pagliacci Pizza,Uranium 235,Uranium 235,2000,1,20
8/31/2047,2047,Leo Rockett,Atomic Eve,7000148,"$700,015 ","4321 Summit Ave, Bellingham, WA 98225",Leo Rockett,8/31/2047,Dick's Drive-In,Uranium 235,Uranium 235,2000,1,20
1/12/2048,2048,Nova Kepler,Atomic Eve,10878654,"$435,146 ","987 Pinecrest Blvd, Bellevue, WA 98004",Nova Kepler,1/12/2048,Dick's Drive-In,Uranium 235,Uranium 235,2000,1,20
2/29/2048,2048,Leo Rockett,Atomic Eve,7527732,"$752,773 ","4321 Summit Ave, Bellingham, WA 98225",Leo Rockett,2/29/2048,Dick's Drive-In,Uranium 235,Uranium 235,2000,1,20
6/14/2048,2048,Stella Ignis,Atomic Eve,10799168,"$431,967 ","2345 Alder Lane, Redmond, WA 98052",Stella Ignis,6/14/2048,Pagliacci Pizza,Uranium 235,Uranium 235,2000,1,20
3/17/2049,2049,Chase Armstrong,Atomic Eve,10829476,"$649,769 ","1234 Evergreen Way, Seattle, WA 98101",Debbie Armstrong,3/17/2049,Pagliacci Pizza,Uranium 235,Uranium 235,2000,1,20
3/31/2049,2049,Chase Armstrong,Atomic Eve,11117972,"$667,078 ","1234 Evergreen Way, Seattle, WA 98101",Debbie Armstrong,3/31/2049,Dick's Drive-In,Uranium 235,Uranium 235,2000,1,20
5/5/2049,2049,Leo Rockett,Atomic Eve,7709121,"$770,912 ","4321 Summit Ave, Bellingham, WA 98225",Leo Rockett,5/5/2049,Dick's Drive-In,Uranium 235,Uranium 235,2000,1,20
6/15/2049,2049,Chase Armstrong,Atomic Eve,10884051,"$653,043 ","1234 Evergreen Way, Seattle, WA 98101",Debbie Armstrong,6/15/2049,Pagliacci Pizza,Uranium 235,Uranium 235,2000,1,20
6/27/2049,2049,Chase Armstrong,Atomic Eve,11221209,"$673,273 ","1234 Evergreen Way, Seattle, WA 98101",Debbie Armstrong,6/27/2049,Dick's Drive-In,Uranium 235,Uranium 235,2000,1,20
8/23/2049,2049,Nova Kepler,Atomic Eve,11009038,"$440,362 ","987 Pinecrest Blvd, Bellevue, WA 98004",Nova Kepler,8/23/2049,Dick's Drive-In,Uranium 235,Uranium 235,2000,1,20
10/22/2049,2049,Leo Rockett,Atomic Eve,7539334,"$753,933 ","4321 Summit Ave, Bellingham, WA 98225",Leo Rockett,10/22/2049,Pagliacci Pizza,Uranium 235,Uranium 235,2000,1,20
10/29/2049,2049,Leo Rockett,Atomic Eve,6868326,"$686,833 ","4321 Summit Ave, Bellingham, WA 98225",Leo Rockett,10/29/2049,Pagliacci Pizza,Uranium 235,Uranium 235,2000,1,20
1/17/2042,2042,Vega Zenith,Falcon 5000,3073681,"$122,947 ","2468 Cedar St, Everett, WA 98201",Vega Zenith,1/17/2042,Amazon,APCP,APCP,350,1250,15
2/22/2042,2042,Leo Rockett,Falcon 5000,2281350,"$228,135 ","4321 Summit Ave, Bellingham, WA 98225",Leo Rockett,2/22/2042,Sound Transit,APCP,APCP,350,1250,15
2/1/2043,2043,Chase Armstrong,Falcon 5000,3266255,"$195,975 ","1234 Evergreen Way, Seattle, WA 98101",Debbie Armstrong,2/1/2043,Armstrong Industrial,APCP,APCP,350,1250,15
3/14/2043,2043,Chase Armstrong,Falcon 5000,3334597,"$200,076 ","1234 Evergreen Way, Seattle, WA 98101",Debbie Armstrong,3/14/2043,Armstrong Industrial,APCP,APCP,350,1250,15
4/9/2043,2043,Chase Armstrong,Falcon 5000,3434116,"$206,047 ","1234 Evergreen Way, Seattle, WA 98101",Debbie Armstrong,4/9/2043,Armstrong Industrial,APCP,APCP,350,1250,15
4/22/2043,2043,Leo Rockett,Falcon 5000,2267770,"$226,777 ","4321 Summit Ave, Bellingham, WA 98225",Leo Rockett,4/22/2043,Dick's Drive-In,APCP,APCP,350,1250,15
4/27/2043,2043,Vega Zenith,Falcon 5000,3388273,"$135,531 ","2468 Cedar St, Everett, WA 98201",Vega Zenith,4/27/2043,Armstrong Industrial,APCP,APCP,350,1250,15
5/26/2043,2043,Leo Rockett,Falcon 5000,2114548,"$211,455 ","4321 Summit Ave, Bellingham, WA 98225",Leo Rockett,5/26/2043,Boeing,APCP,APCP,350,1250,15
7/23/2043,2043,Nova Kepler,Falcon 5000,3598527,"$143,941 ","987 Pinecrest Blvd, Bellevue, WA 98004",Nova Kepler,7/23/2043,U.S. Department of Defense,APCP,APCP,350,1250,15
8/22/2043,2043,Atlas Ryder,Falcon 5000,3210494,"$128,420 ","1357 Rainier Rd, Kirkland, WA 98033",Atlas Ryder,8/22/2043,Sound Transit,APCP,APCP,350,1250,15
9/16/2043,2043,Leo Rockett,Falcon 5000,2091258,"$209,126 ","4321 Summit Ave, Bellingham, WA 98225",Leo Rockett,9/16/2043,Dick's Drive-In,APCP,APCP,350,1250,15
11/5/2043,2043,Leo Rockett,Falcon 5000,2192545,"$219,255 ","4321 Summit Ave, Bellingham, WA 98225",Leo Rockett,11/5/2043,Boeing,APCP,APCP,350,1250,15
11/18/2043,2043,Leo Rockett,Falcon 5000,2209928,"$220,993 ","4321 Summit Ave, Bellingham, WA 98225",Leo Rockett,11/18/2043,Sound Transit,APCP,APCP,350,1250,15
12/5/2043,2043,Jet Falconer,Falcon 5000,3361499,"$134,460 ","6789 Maple Drive, Olympia, WA 98501",Jet Falconer,12/5/2043,U.S. Department of Defense,APCP,APCP,350,1250,15
1/3/2044,2044,Leo Rockett,Falcon 5000,2106832,"$210,683 ","4321 Summit Ave, Bellingham, WA 98225",Leo Rockett,1/3/2044,Dick's Drive-In,APCP,APCP,350,1250,15
2/1/2044,2044,Leo Rockett,Falcon 5000,2107589,"$210,759 ","4321 Summit Ave, Bellingham, WA 98225",Leo Rockett,2/1/2044,Pagliacci Pizza,APCP,APCP,350,1250,15
3/1/2044,2044,Leo Rockett,Falcon 5000,1986877,"$198,688 ","4321 Summit Ave, Bellingham, WA 98225",Leo Rockett,3/1/2044,Boeing,APCP,APCP,350,1250,15
3/12/2044,2044,Leo Rockett,Falcon 5000,2158046,"$215,805 ","4321 Summit Ave, Bellingham, WA 98225",Leo Rockett,3/12/2044,Pagliacci Pizza,APCP,APCP,350,1250,15
3/14/2044,2044,Atlas Ryder,Falcon 5000,3094672,"$123,787 ","1357 Rainier Rd, Kirkland, WA 98033",Atlas Ryder,3/14/2044,Dick's Drive-In,APCP,APCP,350,1250,15
3/29/2044,2044,Chase Armstrong,Falcon 5000,3489435,"$209,366 ","1234 Evergreen Way, Seattle, WA 98101",Debbie Armstrong,3/29/2044,Armstrong Industrial,APCP,APCP,350,1250,15
4/2/2044,2044,Cassio Skyler,Falcon 5000,3247095,"$129,884 ","5678 Ridgeview Terrace, Renton, WA 98055",Cassio Skyler,4/2/2044,Pagliacci Pizza,APCP,APCP,350,1250,15
4/3/2044,2044,Cassio Skyler,Falcon 5000,3200809,"$128,032 ","5678 Ridgeview Terrace, Renton, WA 98055",Cassio Skyler,4/3/2044,Pagliacci Pizza,APCP,APCP,350,1250,15
4/19/2044,2044,Atlas Ryder,Falcon 5000,3198155,"$127,926 ","1357 Rainier Rd, Kirkland, WA 98033",Atlas Ryder,4/19/2044,Sound Transit,APCP,APCP,350,1250,15
5/10/2044,2044,Vega Zenith,Falcon 5000,3073726,"$122,949 ","2468 Cedar St, Everett, WA 98201",Vega Zenith,5/10/2044,Dick's Drive-In,APCP,APCP,350,1250,15
5/28/2044,2044,Leo Rockett,Falcon 5000,2058613,"$205,861 ","4321 Summit Ave, Bellingham, WA 98225",Leo Rockett,5/28/2044,Dick's Drive-In,APCP,APCP,350,1250,15
6/8/2044,2044,Cassio Skyler,Falcon 5000,3389860,"$135,594 ","5678 Ridgeview Terrace, Renton, WA 98055",Cassio Skyler,6/8/2044,Boeing,APCP,APCP,350,1250,15
6/20/2044,2044,Vega Zenith,Falcon 5000,3191188,"$127,648 ","2468 Cedar St, Everett, WA 98201",Vega Zenith,6/20/2044,Amazon,APCP,APCP,350,1250,15
7/11/2044,2044,Leo Rockett,Falcon 5000,2077870,"$207,787 ","4321 Summit Ave, Bellingham, WA 98225",Leo Rockett,7/11/2044,Sound Transit,APCP,APCP,350,1250,15
8/31/2044,2044,Cassio Skyler,Falcon 5000,3173278,"$126,931 ","5678 Ridgeview Terrace, Renton, WA 98055",Cassio Skyler,8/31/2044,Sound Transit,APCP,APCP,350,1250,15
9/9/2044,2044,Leo Rockett,Falcon 5000,2128279,"$212,828 ","4321 Summit Ave, Bellingham, WA 98225",Leo Rockett,9/9/2044,Sound Transit,APCP,APCP,350,1250,15
10/7/2044,2044,Chase Armstrong,Falcon 5000,3393644,"$203,619 ","1234 Evergreen Way, Seattle, WA 98101",Debbie Armstrong,10/7/2044,Armstrong Industrial,APCP,APCP,350,1250,15
11/3/2044,2044,Chase Armstrong,Falcon 5000,3446386,"$206,783 ","1234 Evergreen Way, Seattle, WA 98101",Debbie Armstrong,11/3/2044,Armstrong Industrial,APCP,APCP,350,1250,15
11/9/2044,2044,Atlas Ryder,Falcon 5000,3303351,"$132,134 ","1357 Rainier Rd, Kirkland, WA 98033",Atlas Ryder,11/9/2044,Sound Transit,APCP,APCP,350,1250,15
11/11/2044,2044,Nova Kepler,Falcon 5000,3548887,"$141,955 ","987 Pinecrest Blvd, Bellevue, WA 98004",Nova Kepler,11/11/2044,Dick's Drive-In,APCP,APCP,350,1250,15
12/4/2044,2044,Nova Kepler,Falcon 5000,3541451,"$141,658 ","987 Pinecrest Blvd, Bellevue, WA 98004",Nova Kepler,12/4/2044,Dick's Drive-In,APCP,APCP,350,1250,15
12/9/2044,2044,Nova Kepler,Falcon 5000,3381768,"$135,271 ","987 Pinecrest Blvd, Bellevue, WA 98004",Nova Kepler,12/9/2044,Amazon,APCP,APCP,350,1250,15
12/19/2044,2044,Stella Ignis,Falcon 5000,3401961,"$136,078 ","2345 Alder Lane, Redmond, WA 98052",Stella Ignis,12/19/2044,Dick's Drive-In,APCP,APCP,350,1250,15
12/24/2044,2044,Chase Armstrong,Falcon 5000,3373600,"$202,416 ","1234 Evergreen Way, Seattle, WA 98101",Debbie Armstrong,12/24/2044,Armstrong Industrial,APCP,APCP,350,1250,15
12/31/2044,2044,Atlas Ryder,Falcon 5000,3108966,"$124,359 ","1357 Rainier Rd, Kirkland, WA 98033",Atlas Ryder,12/31/2044,Sound Transit,APCP,APCP,350,1250,15
2/5/2045,2045,Nova Kepler,Falcon 5000,3408393,"$136,336 ","987 Pinecrest Blvd, Bellevue, WA 98004",Nova Kepler,2/5/2045,Sound Transit,APCP,APCP,350,1250,15
2/7/2045,2045,Nova Kepler,Falcon 5000,3523487,"$140,939 ","987 Pinecrest Blvd, Bellevue, WA 98004",Nova Kepler,2/7/2045,U.S. Department of Defense,APCP,APCP,350,1250,15
2/16/2045,2045,Nova Kepler,Falcon 5000,3397653,"$135,906 ","987 Pinecrest Blvd, Bellevue, WA 98004",Nova Kepler,2/16/2045,Dick's Drive-In,APCP,APCP,350,1250,15
3/3/2045,2045,Luna Vector,Falcon 5000,3364202,"$168,210 ","7890 Harbor St, Spokane, WA 99201",Luna Vector,3/3/2045,Sound Transit,APCP,APCP,350,1250,15
3/10/2045,2045,Leo Rockett,Falcon 5000,2293931,"$229,393 ","4321 Summit Ave, Bellingham, WA 98225",Leo Rockett,3/10/2045,U.S. Department of Defense,APCP,APCP,350,1250,15
3/29/2045,2045,Leo Rockett,Falcon 5000,2227203,"$222,720 ","4321 Summit Ave, Bellingham, WA 98225",Leo Rockett,3/29/2045,U.S. Department of Defense,APCP,APCP,350,1250,15
4/20/2045,2045,Nova Kepler,Falcon 5000,3584476,"$143,379 ","987 Pinecrest Blvd, Bellevue, WA 98004",Nova Kepler,4/20/2045,Sound Transit,APCP,APCP,350,1250,15
4/24/2045,2045,Leo Rockett,Falcon 5000,2017328,"$201,733 ","4321 Summit Ave, Bellingham, WA 98225",Leo Rockett,4/24/2045,Boeing,APCP,APCP,350,1250,15
4/28/2045,2045,Leo Rockett,Falcon 5000,2202506,"$220,251 ","4321 Summit Ave, Bellingham, WA 98225",Leo Rockett,4/28/2045,Pagliacci Pizza,APCP,APCP,350,1250,15
5/9/2045,2045,Chase Armstrong,Falcon 5000,3265048,"$195,903 ","1234 Evergreen Way, Seattle, WA 98101",Debbie Armstrong,5/9/2045,Armstrong Industrial,APCP,APCP,350,1250,15
5/21/2045,2045,Cassio Skyler,Falcon 5000,3356753,"$134,270 ","5678 Ridgeview Terrace, Renton, WA 98055",Cassio Skyler,5/21/2045,Sound Transit,APCP,APCP,350,1250,15
5/27/2045,2045,Leo Rockett,Falcon 5000,2324112,"$232,411 ","4321 Summit Ave, Bellingham, WA 98225",Leo Rockett,5/27/2045,Dick's Drive-In,APCP,APCP,350,1250,15
6/2/2045,2045,Leo Rockett,Falcon 5000,2305365,"$230,537 ","4321 Summit Ave, Bellingham, WA 98225",Leo Rockett,6/2/2045,Pagliacci Pizza,APCP,APCP,350,1250,15
6/4/2045,2045,Leo Rockett,Falcon 5000,2083911,"$208,391 ","4321 Summit Ave, Bellingham, WA 98225",Leo Rockett,6/4/2045,Dick's Drive-In,APCP,APCP,350,1250,15
6/16/2045,2045,Leo Rockett,Falcon 5000,2145183,"$214,518 ","4321 Summit Ave, Bellingham, WA 98225",Leo Rockett,6/16/2045,Dick's Drive-In,APCP,APCP,350,1250,15
7/21/2045,2045,Stella Ignis,Falcon 5000,3329256,"$133,170 ","2345 Alder Lane, Redmond, WA 98052",Stella Ignis,7/21/2045,Dick's Drive-In,APCP,APCP,350,1250,15
8/3/2045,2045,Vega Zenith,Falcon 5000,3150188,"$126,008 ","2468 Cedar St, Everett, WA 98201",Vega Zenith,8/3/2045,U.S. Department of Defense,APCP,APCP,350,1250,15
8/24/2045,2045,Chase Armstrong,Falcon 5000,3582998,"$214,980 ","1234 Evergreen Way, Seattle, WA 98101",Debbie Armstrong,8/24/2045,Armstrong Industrial,APCP,APCP,350,1250,15
10/1/2045,2045,Vega Zenith,Falcon 5000,3313205,"$132,528 ","2468 Cedar St, Everett, WA 98201",Vega Zenith,10/1/2045,U.S. Department of Defense,APCP,APCP,350,1250,15
10/10/2045,2045,Vega Zenith,Falcon 5000,3362780,"$134,511 ","2468 Cedar St, Everett, WA 98201",Vega Zenith,10/10/2045,Pagliacci Pizza,APCP,APCP,350,1250,15
10/23/2045,2045,Cassio Skyler,Falcon 5000,3297425,"$131,897 ","5678 Ridgeview Terrace, Renton, WA 98055",Cassio Skyler,10/23/2045,Dick's Drive-In,APCP,APCP,350,1250,15
10/29/2045,2045,Leo Rockett,Falcon 5000,2280943,"$228,094 ","4321 Summit Ave, Bellingham, WA 98225",Leo Rockett,10/29/2045,Dick's Drive-In,APCP,APCP,350,1250,15
11/21/2045,2045,Leo Rockett,Falcon 5000,2150845,"$215,085 ","4321 Summit Ave, Bellingham, WA 98225",Leo Rockett,11/21/2045,Amazon,APCP,APCP,350,1250,15
12/3/2045,2045,Leo Rockett,Falcon 5000,2160419,"$216,042 ","4321 Summit Ave, Bellingham, WA 98225",Leo Rockett,12/3/2045,Sound Transit,APCP,APCP,350,1250,15
12/11/2045,2045,Leo Rockett,Falcon 5000,2051110,"$205,111 ","4321 Summit Ave, Bellingham, WA 98225",Leo Rockett,12/11/2045,Dick's Drive-In,APCP,APCP,350,1250,15
12/15/2045,2045,Leo Rockett,Falcon 5000,2076949,"$207,695 ","4321 Summit Ave, Bellingham, WA 98225",Leo Rockett,12/15/2045,Dick's Drive-In,APCP,APCP,350,1250,15
1/5/2046,2046,Leo Rockett,Falcon 5000,2313366,"$231,337 ","4321 Summit Ave, Bellingham, WA 98225",Leo Rockett,1/5/2046,Dick's Drive-In,APCP,APCP,350,1250,15
1/9/2046,2046,Leo Rockett,Falcon 5000,2070428,"$207,043 ","4321 Summit Ave, Bellingham, WA 98225",Leo Rockett,1/9/2046,Dick's Drive-In,APCP,APCP,350,1250,15
1/13/2046,2046,Cassio Skyler,Falcon 5000,3227203,"$129,088 ","5678 Ridgeview Terrace, Renton, WA 98055",Cassio Skyler,1/13/2046,Armstrong Industrial,APCP,APCP,350,1250,15
1/28/2046,2046,Leo Rockett,Falcon 5000,2101785,"$210,179 ","4321 Summit Ave, Bellingham, WA 98225",Leo Rockett,1/28/2046,U.S. Department of Defense,APCP,APCP,350,1250,15
1/30/2046,2046,Leo Rockett,Falcon 5000,2331487,"$233,149 ","4321 Summit Ave, Bellingham, WA 98225",Leo Rockett,1/30/2046,Boeing,APCP,APCP,350,1250,15
2/8/2046,2046,Leo Rockett,Falcon 5000,2205610,"$220,561 ","4321 Summit Ave, Bellingham, WA 98225",Leo Rockett,2/8/2046,Sound Transit,APCP,APCP,350,1250,15
2/11/2046,2046,Chase Armstrong,Falcon 5000,3382639,"$202,958 ","1234 Evergreen Way, Seattle, WA 98101",Debbie Armstrong,2/11/2046,Armstrong Industrial,APCP,APCP,350,1250,15
2/15/2046,2046,Leo Rockett,Falcon 5000,2312569,"$231,257 ","4321 Summit Ave, Bellingham, WA 98225",Leo Rockett,2/15/2046,Dick's Drive-In,APCP,APCP,350,1250,15
2/17/2046,2046,Chase Armstrong,Falcon 5000,3483441,"$209,006 ","1234 Evergreen Way, Seattle, WA 98101",Debbie Armstrong,2/17/2046,Armstrong Industrial,APCP,APCP,350,1250,15
2/18/2046,2046,Nova Kepler,Falcon 5000,3266301,"$130,652 ","987 Pinecrest Blvd, Bellevue, WA 98004",Nova Kepler,2/18/2046,U.S. Department of Defense,APCP,APCP,350,1250,15
2/23/2046,2046,Chase Armstrong,Falcon 5000,3488021,"$209,281 ","1234 Evergreen Way, Seattle, WA 98101",Debbie Armstrong,2/23/2046,Armstrong Industrial,APCP,APCP,350,1250,15
3/15/2046,2046,Nova Kepler,Falcon 5000,3584915,"$143,397 ","987 Pinecrest Blvd, Bellevue, WA 98004",Nova Kepler,3/15/2046,Boeing,APCP,APCP,350,1250,15
3/19/2046,2046,Leo Rockett,Falcon 5000,2161614,"$216,161 ","4321 Summit Ave, Bellingham, WA 98225",Leo Rockett,3/19/2046,Amazon,APCP,APCP,350,1250,15
3/24/2046,2046,Nova Kepler,Falcon 5000,3509090,"$140,364 ","987 Pinecrest Blvd, Bellevue, WA 98004",Nova Kepler,3/24/2046,Dick's Drive-In,APCP,APCP,350,1250,15
4/4/2046,2046,Chase Armstrong,Falcon 5000,3407848,"$204,471 ","1234 Evergreen Way, Seattle, WA 98101",Debbie Armstrong,4/4/2046,Armstrong Industrial,APCP,APCP,350,1250,15
4/11/2046,2046,Atlas Ryder,Falcon 5000,3113309,"$124,532 ","1357 Rainier Rd, Kirkland, WA 98033",Atlas Ryder,4/11/2046,U.S. Department of Defense,APCP,APCP,350,1250,15
4/27/2046,2046,Atlas Ryder,Falcon 5000,3255700,"$130,228 ","1357 Rainier Rd, Kirkland, WA 98033",Atlas Ryder,4/27/2046,Boeing,APCP,APCP,350,1250,15
5/3/2046,2046,Leo Rockett,Falcon 5000,2191016,"$219,102 ","4321 Summit Ave, Bellingham, WA 98225",Leo Rockett,5/3/2046,Sound Transit,APCP,APCP,350,1250,15
5/6/2046,2046,Nova Kepler,Falcon 5000,3301659,"$132,066 ","987 Pinecrest Blvd, Bellevue, WA 98004",Nova Kepler,5/6/2046,Amazon,APCP,APCP,350,1250,15
6/4/2046,2046,Chase Armstrong,Falcon 5000,3348903,"$200,934 ","1234 Evergreen Way, Seattle, WA 98101",Debbie Armstrong,6/4/2046,Armstrong Industrial,APCP,APCP,350,1250,15
6/20/2046,2046,Vega Zenith,Falcon 5000,3259294,"$130,372 ","2468 Cedar St, Everett, WA 98201",Vega Zenith,6/20/2046,Pagliacci Pizza,APCP,APCP,350,1250,15
6/22/2046,2046,Nova Kepler,Falcon 5000,3323511,"$132,940 ","987 Pinecrest Blvd, Bellevue, WA 98004",Nova Kepler,6/22/2046,Pagliacci Pizza,APCP,APCP,350,1250,15
6/27/2046,2046,Vega Zenith,Falcon 5000,3296125,"$131,845 ","2468 Cedar St, Everett, WA 98201",Vega Zenith,6/27/2046,Sound Transit,APCP,APCP,350,1250,15
6/30/2046,2046,Atlas Ryder,Falcon 5000,3411257,"$136,450 ","1357 Rainier Rd, Kirkland, WA 98033",Atlas Ryder,6/30/2046,Amazon,APCP,APCP,350,1250,15
7/4/2046,2046,Atlas Ryder,Falcon 5000,3405610,"$136,224 ","1357 Rainier Rd, Kirkland, WA 98033",Atlas Ryder,7/4/2046,Pagliacci Pizza,APCP,APCP,350,1250,15
7/11/2046,2046,Leo Rockett,Falcon 5000,2068783,"$206,878 ","4321 Summit Ave, Bellingham, WA 98225",Leo Rockett,7/11/2046,Sound Transit,APCP,APCP,350,1250,15
7/24/2046,2046,Leo Rockett,Falcon 5000,2250752,"$225,075 ","4321 Summit Ave, Bellingham, WA 98225",Leo Rockett,7/24/2046,Pagliacci Pizza,APCP,APCP,350,1250,15
7/26/2046,2046,Chase Armstrong,Falcon 5000,3280225,"$196,814 ","1234 Evergreen Way, Seattle, WA 98101",Debbie Armstrong,7/26/2046,Armstrong Industrial,APCP,APCP,350,1250,15
8/1/2046,2046,Vega Zenith,Falcon 5000,3230960,"$129,238 ","2468 Cedar St, Everett, WA 98201",Vega Zenith,8/1/2046,Boeing,APCP,APCP,350,1250,15
8/5/2046,2046,Leo Rockett,Falcon 5000,2039554,"$203,955 ","4321 Summit Ave, Bellingham, WA 98225",Leo Rockett,8/5/2046,Sound Transit,APCP,APCP,350,1250,15
8/16/2046,2046,Cassio Skyler,Falcon 5000,3238529,"$129,541 ","5678 Ridgeview Terrace, Renton, WA 98055",Cassio Skyler,8/16/2046,Dick's Drive-In,APCP,APCP,350,1250,15
8/20/2046,2046,Leo Rockett,Falcon 5000,1988567,"$198,857 ","4321 Summit Ave, Bellingham, WA 98225",Leo Rockett,8/20/2046,U.S. Department of Defense,APCP,APCP,350,1250,15
8/22/2046,2046,Leo Rockett,Falcon 5000,2251491,"$225,149 ","4321 Summit Ave, Bellingham, WA 98225",Leo Rockett,8/22/2046,U.S. Department of Defense,APCP,APCP,350,1250,15
8/27/2046,2046,Leo Rockett,Falcon 5000,2170019,"$217,002 ","4321 Summit Ave, Bellingham, WA 98225",Leo Rockett,8/27/2046,Sound Transit,APCP,APCP,350,1250,15
8/29/2046,2046,Leo Rockett,Falcon 5000,2115691,"$211,569 ","4321 Summit Ave, Bellingham, WA 98225",Leo Rockett,8/29/2046,Dick's Drive-In,APCP,APCP,350,1250,15
9/10/2046,2046,Leo Rockett,Falcon 5000,2292805,"$229,281 ","4321 Summit Ave, Bellingham, WA 98225",Leo Rockett,9/10/2046,U.S. Department of Defense,APCP,APCP,350,1250,15
9/21/2046,2046,Cassio Skyler,Falcon 5000,3119414,"$124,777 ","5678 Ridgeview Terrace, Renton, WA 98055",Cassio Skyler,9/21/2046,Dick's Drive-In,APCP,APCP,350,1250,15
9/23/2046,2046,Leo Rockett,Falcon 5000,2271776,"$227,178 ","4321 Summit Ave, Bellingham, WA 98225",Leo Rockett,9/23/2046,U.S. Department of Defense,APCP,APCP,350,1250,15
9/24/2046,2046,Leo Rockett,Falcon 5000,2047157,"$204,716 ","4321 Summit Ave, Bellingham, WA 98225",Leo Rockett,9/24/2046,Dick's Drive-In,APCP,APCP,350,1250,15
10/7/2046,2046,Leo Rockett,Falcon 5000,2166666,"$216,667 ","4321 Summit Ave, Bellingham, WA 98225",Leo Rockett,10/7/2046,Dick's Drive-In,APCP,APCP,350,1250,15
10/18/2046,2046,Nova Kepler,Falcon 5000,3374952,"$134,998 ","987 Pinecrest Blvd, Bellevue, WA 98004",Nova Kepler,10/18/2046,U.S. Department of Defense,APCP,APCP,350,1250,15
10/20/2046,2046,Chase Armstrong,Falcon 5000,3318804,"$199,128 ","1234 Evergreen Way, Seattle, WA 98101",Debbie Armstrong,10/20/2046,Armstrong Industrial,APCP,APCP,350,1250,15
10/25/2046,2046,Cassio Skyler,Falcon 5000,3119424,"$124,777 ","5678 Ridgeview Terrace, Renton, WA 98055",Cassio Skyler,10/25/2046,U.S. Department of Defense,APCP,APCP,350,1250,15
10/27/2046,2046,Leo Rockett,Falcon 5000,2100829,"$210,083 ","4321 Summit Ave, Bellingham, WA 98225",Leo Rockett,10/27/2046,Amazon,APCP,APCP,350,1250,15
10/30/2046,2046,Leo Rockett,Falcon 5000,2247796,"$224,780 ","4321 Summit Ave, Bellingham, WA 98225",Leo Rockett,10/30/2046,U.S. Department of Defense,APCP,APCP,350,1250,15
11/17/2046,2046,Leo Rockett,Falcon 5000,2014905,"$201,491 ","4321 Summit Ave, Bellingham, WA 98225",Leo Rockett,11/17/2046,Dick's Drive-In,APCP,APCP,350,1250,15
11/19/2046,2046,Nova Kepler,Falcon 5000,3588431,"$143,537 ","987 Pinecrest Blvd, Bellevue, WA 98004",Nova Kepler,11/19/2046,Dick's Drive-In,APCP,APCP,350,1250,15
11/26/2046,2046,Leo Rockett,Falcon 5000,2018143,"$201,814 ","4321 Summit Ave, Bellingham, WA 98225",Leo Rockett,11/26/2046,Dick's Drive-In,APCP,APCP,350,1250,15
11/27/2046,2046,Chase Armstrong,Falcon 5000,3522194,"$211,332 ","1234 Evergreen Way, Seattle, WA 98101",Debbie Armstrong,11/27/2046,Armstrong Industrial,APCP,APCP,350,1250,15
12/7/2046,2046,Cassio Skyler,Falcon 5000,3072123,"$122,885 ","5678 Ridgeview Terrace, Renton, WA 98055",Cassio Skyler,12/7/2046,Dick's Drive-In,APCP,APCP,350,1250,15
12/11/2046,2046,Cassio Skyler,Falcon 5000,3267296,"$130,692 ","5678 Ridgeview Terrace, Renton, WA 98055",Cassio Skyler,12/11/2046,U.S. Department of Defense,APCP,APCP,350,1250,15
12/14/2046,2046,Chase Armstrong,Falcon 5000,3533338,"$212,000 ","1234 Evergreen Way, Seattle, WA 98101",Debbie Armstrong,12/14/2046,Armstrong Industrial,APCP,APCP,350,1250,15
12/22/2046,2046,Chase Armstrong,Falcon 5000,3549179,"$212,951 ","1234 Evergreen Way, Seattle, WA 98101",Debbie Armstrong,12/22/2046,Armstrong Industrial,APCP,APCP,350,1250,15
12/23/2046,2046,Leo Rockett,Falcon 5000,2240942,"$224,094 ","4321 Summit Ave, Bellingham, WA 98225",Leo Rockett,12/23/2046,U.S. Department of Defense,APCP,APCP,350,1250,15
12/28/2046,2046,Vega Zenith,Falcon 5000,3318846,"$132,754 ","2468 Cedar St, Everett, WA 98201",Vega Zenith,12/28/2046,Dick's Drive-In,APCP,APCP,350,1250,15
1/5/2047,2047,Leo Rockett,Falcon 5000,1992797,"$199,280 ","4321 Summit Ave, Bellingham, WA 98225",Leo Rockett,1/5/2047,Dick's Drive-In,APCP,APCP,350,1250,15
1/18/2047,2047,Chase Armstrong,Falcon 5000,3267580,"$196,055 ","1234 Evergreen Way, Seattle, WA 98101",Debbie Armstrong,1/18/2047,Armstrong Industrial,APCP,APCP,350,1250,15
1/19/2047,2047,Chase Armstrong,Falcon 5000,3431052,"$205,863 ","1234 Evergreen Way, Seattle, WA 98101",Debbie Armstrong,1/19/2047,Armstrong Industrial,APCP,APCP,350,1250,15
1/29/2047,2047,Leo Rockett,Falcon 5000,2022706,"$202,271 ","4321 Summit Ave, Bellingham, WA 98225",Leo Rockett,1/29/2047,U.S. Department of Defense,APCP,APCP,350,1250,15
2/16/2047,2047,Orion Blaze,Falcon 5000,3515409,"$105,462 ","4567 Cascade Ave, Tacoma, WA 98402",Orion Blaze,2/16/2047,Dick's Drive-In,APCP,APCP,350,1250,15
2/21/2047,2047,Jet Falconer,Falcon 5000,3077823,"$123,113 ","6789 Maple Drive, Olympia, WA 98501",Jet Falconer,2/21/2047,Pagliacci Pizza,APCP,APCP,350,1250,15
2/25/2047,2047,Chase Armstrong,Falcon 5000,3275188,"$196,511 ","1234 Evergreen Way, Seattle, WA 98101",Debbie Armstrong,2/25/2047,Armstrong Industrial,APCP,APCP,350,1250,15
3/2/2047,2047,Atlas Ryder,Falcon 5000,3390712,"$135,628 ","1357 Rainier Rd, Kirkland, WA 98033",Atlas Ryder,3/2/2047,Boeing,APCP,APCP,350,1250,15
3/6/2047,2047,Leo Rockett,Falcon 5000,2264276,"$226,428 ","4321 Summit Ave, Bellingham, WA 98225",Leo Rockett,3/6/2047,U.S. Department of Defense,APCP,APCP,350,1250,15
3/14/2047,2047,Chase Armstrong,Falcon 5000,3378826,"$202,730 ","1234 Evergreen Way, Seattle, WA 98101",Debbie Armstrong,3/14/2047,Armstrong Industrial,APCP,APCP,350,1250,15
3/21/2047,2047,Chase Armstrong,Falcon 5000,3545829,"$212,750 ","1234 Evergreen Way, Seattle, WA 98101",Debbie Armstrong,3/21/2047,Armstrong Industrial,APCP,APCP,350,1250,15
3/25/2047,2047,Vega Zenith,Falcon 5000,3355740,"$134,230 ","2468 Cedar St, Everett, WA 98201",Vega Zenith,3/25/2047,Sound Transit,APCP,APCP,350,1250,15
3/29/2047,2047,Vega Zenith,Falcon 5000,3363772,"$134,551 ","2468 Cedar St, Everett, WA 98201",Vega Zenith,3/29/2047,Dick's Drive-In,APCP,APCP,350,1250,15
3/30/2047,2047,Chase Armstrong,Falcon 5000,3526070,"$211,564 ","1234 Evergreen Way, Seattle, WA 98101",Debbie Armstrong,3/30/2047,Armstrong Industrial,APCP,APCP,350,1250,15
4/8/2047,2047,Chase Armstrong,Falcon 5000,3483262,"$208,996 ","1234 Evergreen Way, Seattle, WA 98101",Debbie Armstrong,4/8/2047,Armstrong Industrial,APCP,APCP,350,1250,15
4/16/2047,2047,Leo Rockett,Falcon 5000,2239879,"$223,988 ","4321 Summit Ave, Bellingham, WA 98225",Leo Rockett,4/16/2047,Sound Transit,APCP,APCP,350,1250,15
4/22/2047,2047,Orion Blaze,Falcon 5000,3454523,"$103,636 ","4567 Cascade Ave, Tacoma, WA 98402",Orion Blaze,4/22/2047,Dick's Drive-In,APCP,APCP,350,1250,15
5/3/2047,2047,Chase Armstrong,Falcon 5000,3290789,"$197,447 ","1234 Evergreen Way, Seattle, WA 98101",Debbie Armstrong,5/3/2047,Armstrong Industrial,APCP,APCP,350,1250,15
5/9/2047,2047,Atlas Ryder,Falcon 5000,3403613,"$136,145 ","1357 Rainier Rd, Kirkland, WA 98033",Atlas Ryder,5/9/2047,Dick's Drive-In,APCP,APCP,350,1250,15
5/14/2047,2047,Leo Rockett,Falcon 5000,2203852,"$220,385 ","4321 Summit Ave, Bellingham, WA 98225",Leo Rockett,5/14/2047,Dick's Drive-In,APCP,APCP,350,1250,15
5/21/2047,2047,Cassio Skyler,Falcon 5000,3293750,"$131,750 ","5678 Ridgeview Terrace, Renton, WA 98055",Cassio Skyler,5/21/2047,Pagliacci Pizza,APCP,APCP,350,1250,15
6/11/2047,2047,Nova Kepler,Falcon 5000,3302758,"$132,110 ","987 Pinecrest Blvd, Bellevue, WA 98004",Nova Kepler,6/11/2047,Dick's Drive-In,APCP,APCP,350,1250,15
6/13/2047,2047,Nova Kepler,Falcon 5000,3404633,"$136,185 ","987 Pinecrest Blvd, Bellevue, WA 98004",Nova Kepler,6/13/2047,Amazon,APCP,APCP,350,1250,15
6/14/2047,2047,Cassio Skyler,Falcon 5000,3192748,"$127,710 ","5678 Ridgeview Terrace, Renton, WA 98055",Cassio Skyler,6/14/2047,U.S. Department of Defense,APCP,APCP,350,1250,15
6/15/2047,2047,Cassio Skyler,Falcon 5000,3309123,"$132,365 ","5678 Ridgeview Terrace, Renton, WA 98055",Cassio Skyler,6/15/2047,Sound Transit,APCP,APCP,350,1250,15
7/9/2047,2047,Leo Rockett,Falcon 5000,2085078,"$208,508 ","4321 Summit Ave, Bellingham, WA 98225",Leo Rockett,7/9/2047,Dick's Drive-In,APCP,APCP,350,1250,15
7/12/2047,2047,Vega Zenith,Falcon 5000,3317934,"$132,717 ","2468 Cedar St, Everett, WA 98201",Vega Zenith,7/12/2047,Sound Transit,APCP,APCP,350,1250,15
7/24/2047,2047,Leo Rockett,Falcon 5000,2146504,"$214,650 ","4321 Summit Ave, Bellingham, WA 98225",Leo Rockett,7/24/2047,Dick's Drive-In,APCP,APCP,350,1250,15
7/29/2047,2047,Leo Rockett,Falcon 5000,2307330,"$230,733 ","4321 Summit Ave, Bellingham, WA 98225",Leo Rockett,7/29/2047,Dick's Drive-In,APCP,APCP,350,1250,15
8/2/2047,2047,Vega Zenith,Falcon 5000,3066026,"$122,641 ","2468 Cedar St, Everett, WA 98201",Vega Zenith,8/2/2047,Sound Transit,APCP,APCP,350,1250,15
8/14/2047,2047,Vega Zenith,Falcon 5000,3200558,"$128,022 ","2468 Cedar St, Everett, WA 98201",Vega Zenith,8/14/2047,Boeing,APCP,APCP,350,1250,15
8/22/2047,2047,Leo Rockett,Falcon 5000,2054226,"$205,423 ","4321 Summit Ave, Bellingham, WA 98225",Leo Rockett,8/22/2047,Sound Transit,APCP,APCP,350,1250,15
8/28/2047,2047,Chase Armstrong,Falcon 5000,3429562,"$205,774 ","1234 Evergreen Way, Seattle, WA 98101",Debbie Armstrong,8/28/2047,Armstrong Industrial,APCP,APCP,350,1250,15
9/3/2047,2047,Chase Armstrong,Falcon 5000,3411777,"$204,707 ","1234 Evergreen Way, Seattle, WA 98101",Debbie Armstrong,9/3/2047,Armstrong Industrial,APCP,APCP,350,1250,15
9/16/2047,2047,Chase Armstrong,Falcon 5000,3373412,"$202,405 ","1234 Evergreen Way, Seattle, WA 98101",Debbie Armstrong,9/16/2047,Armstrong Industrial,APCP,APCP,350,1250,15
9/25/2047,2047,Chase Armstrong,Falcon 5000,3486874,"$209,212 ","1234 Evergreen Way, Seattle, WA 98101",Debbie Armstrong,9/25/2047,Armstrong Industrial,APCP,APCP,350,1250,15
9/28/2047,2047,Chase Armstrong,Falcon 5000,3502082,"$210,125 ","1234 Evergreen Way, Seattle, WA 98101",Debbie Armstrong,9/28/2047,Armstrong Industrial,APCP,APCP,350,1250,15
9/29/2047,2047,Leo Rockett,Falcon 5000,2271723,"$227,172 ","4321 Summit Ave, Bellingham, WA 98225",Leo Rockett,9/29/2047,Dick's Drive-In,APCP,APCP,350,1250,15
10/5/2047,2047,Cassio Skyler,Falcon 5000,3144835,"$125,793 ","5678 Ridgeview Terrace, Renton, WA 98055",Cassio Skyler,10/5/2047,U.S. Department of Defense,APCP,APCP,350,1250,15
10/14/2047,2047,Vega Zenith,Falcon 5000,3060756,"$122,430 ","2468 Cedar St, Everett, WA 98201",Vega Zenith,10/14/2047,Armstrong Industrial,APCP,APCP,350,1250,15
10/21/2047,2047,Leo Rockett,Falcon 5000,1991480,"$199,148 ","4321 Summit Ave, Bellingham, WA 98225",Leo Rockett,10/21/2047,Sound Transit,APCP,APCP,350,1250,15
11/2/2047,2047,Chase Armstrong,Falcon 5000,3546648,"$212,799 ","1234 Evergreen Way, Seattle, WA 98101",Debbie Armstrong,11/2/2047,Armstrong Industrial,APCP,APCP,350,1250,15
11/9/2047,2047,Vega Zenith,Falcon 5000,3152449,"$126,098 ","2468 Cedar St, Everett, WA 98201",Vega Zenith,11/9/2047,Dick's Drive-In,APCP,APCP,350,1250,15
11/20/2047,2047,Nova Kepler,Falcon 5000,3538601,"$141,544 ","987 Pinecrest Blvd, Bellevue, WA 98004",Nova Kepler,11/20/2047,Dick's Drive-In,APCP,APCP,350,1250,15
11/25/2047,2047,Atlas Ryder,Falcon 5000,3244573,"$129,783 ","1357 Rainier Rd, Kirkland, WA 98033",Atlas Ryder,11/25/2047,Pagliacci Pizza,APCP,APCP,350,1250,15
11/26/2047,2047,Leo Rockett,Falcon 5000,2298110,"$229,811 ","4321 Summit Ave, Bellingham, WA 98225",Leo Rockett,11/26/2047,Pagliacci Pizza,APCP,APCP,350,1250,15
11/29/2047,2047,Chase Armstrong,Falcon 5000,3254243,"$195,255 ","1234 Evergreen Way, Seattle, WA 98101",Debbie Armstrong,11/29/2047,Armstrong Industrial,APCP,APCP,350,1250,15
12/2/2047,2047,Nova Kepler,Falcon 5000,3575826,"$143,033 ","987 Pinecrest Blvd, Bellevue, WA 98004",Nova Kepler,12/2/2047,Boeing,APCP,APCP,350,1250,15
12/7/2047,2047,Leo Rockett,Falcon 5000,2302913,"$230,291 ","4321 Summit Ave, Bellingham, WA 98225",Leo Rockett,12/7/2047,Sound Transit,APCP,APCP,350,1250,15
12/11/2047,2047,Leo Rockett,Falcon 5000,2209053,"$220,905 ","4321 Summit Ave, Bellingham, WA 98225",Leo Rockett,12/11/2047,Pagliacci Pizza,APCP,APCP,350,1250,15
12/16/2047,2047,Atlas Ryder,Falcon 5000,3414247,"$136,570 ","1357 Rainier Rd, Kirkland, WA 98033",Atlas Ryder,12/16/2047,Dick's Drive-In,APCP,APCP,350,1250,15
12/21/2047,2047,Leo Rockett,Falcon 5000,2272320,"$227,232 ","4321 Summit Ave, Bellingham, WA 98225",Leo Rockett,12/21/2047,Pagliacci Pizza,APCP,APCP,350,1250,15
12/24/2047,2047,Vega Zenith,Falcon 5000,3160695,"$126,428 ","2468 Cedar St, Everett, WA 98201",Vega Zenith,12/24/2047,U.S. Department of Defense,APCP,APCP,350,1250,15
12/25/2047,2047,Luna Vector,Falcon 5000,3110653,"$155,533 ","7890 Harbor St, Spokane, WA 99201",Luna Vector,12/25/2047,U.S. Department of Defense,APCP,APCP,350,1250,15
1/14/2048,2048,Leo Rockett,Falcon 5000,2094599,"$209,460 ","4321 Summit Ave, Bellingham, WA 98225",Leo Rockett,1/14/2048,Sound Transit,APCP,APCP,350,1250,15
1/28/2048,2048,Atlas Ryder,Falcon 5000,3414869,"$136,595 ","1357 Rainier Rd, Kirkland, WA 98033",Atlas Ryder,1/28/2048,U.S. Department of Defense,APCP,APCP,350,1250,15
2/4/2048,2048,Leo Rockett,Falcon 5000,2267574,"$226,757 ","4321 Summit Ave, Bellingham, WA 98225",Leo Rockett,2/4/2048,Amazon,APCP,APCP,350,1250,15
2/21/2048,2048,Leo Rockett,Falcon 5000,2139347,"$213,935 ","4321 Summit Ave, Bellingham, WA 98225",Leo Rockett,2/21/2048,U.S. Department of Defense,APCP,APCP,350,1250,15
2/24/2048,2048,Leo Rockett,Falcon 5000,2132551,"$213,255 ","4321 Summit Ave, Bellingham, WA 98225",Leo Rockett,2/24/2048,U.S. Department of Defense,APCP,APCP,350,1250,15
2/25/2048,2048,Leo Rockett,Falcon 5000,2147396,"$214,740 ","4321 Summit Ave, Bellingham, WA 98225",Leo Rockett,2/25/2048,Sound Transit,APCP,APCP,350,1250,15
3/7/2048,2048,Leo Rockett,Falcon 5000,2126190,"$212,619 ","4321 Summit Ave, Bellingham, WA 98225",Leo Rockett,3/7/2048,U.S. Department of Defense,APCP,APCP,350,1250,15
3/10/2048,2048,Nova Kepler,Falcon 5000,3258491,"$130,340 ","987 Pinecrest Blvd, Bellevue, WA 98004",Nova Kepler,3/10/2048,Dick's Drive-In,APCP,APCP,350,1250,15
3/13/2048,2048,Leo Rockett,Falcon 5000,2061191,"$206,119 ","4321 Summit Ave, Bellingham, WA 98225",Leo Rockett,3/13/2048,Amazon,APCP,APCP,350,1250,15
3/15/2048,2048,Jet Falconer,Falcon 5000,3393427,"$135,737 ","6789 Maple Drive, Olympia, WA 98501",Jet Falconer,3/15/2048,U.S. Department of Defense,APCP,APCP,350,1250,15
3/28/2048,2048,Chase Armstrong,Falcon 5000,3351186,"$201,071 ","1234 Evergreen Way, Seattle, WA 98101",Debbie Armstrong,3/28/2048,Armstrong Industrial,APCP,APCP,350,1250,15
4/4/2048,2048,Leo Rockett,Falcon 5000,2118340,"$211,834 ","4321 Summit Ave, Bellingham, WA 98225",Leo Rockett,4/4/2048,Sound Transit,APCP,APCP,350,1250,15
4/15/2048,2048,Leo Rockett,Falcon 5000,2249435,"$224,944 ","4321 Summit Ave, Bellingham, WA 98225",Leo Rockett,4/15/2048,Armstrong Industrial,APCP,APCP,350,1250,15
4/21/2048,2048,Chase Armstrong,Falcon 5000,3460157,"$207,609 ","1234 Evergreen Way, Seattle, WA 98101",Debbie Armstrong,4/21/2048,Armstrong Industrial,APCP,APCP,350,1250,15
4/23/2048,2048,Leo Rockett,Falcon 5000,2022784,"$202,278 ","4321 Summit Ave, Bellingham, WA 98225",Leo Rockett,4/23/2048,Dick's Drive-In,APCP,APCP,350,1250,15
5/5/2048,2048,Cassio Skyler,Falcon 5000,3315102,"$132,604 ","5678 Ridgeview Terrace, Renton, WA 98055",Cassio Skyler,5/5/2048,Boeing,APCP,APCP,350,1250,15
5/17/2048,2048,Cassio Skyler,Falcon 5000,3341589,"$133,664 ","5678 Ridgeview Terrace, Renton, WA 98055",Cassio Skyler,5/17/2048,U.S. Department of Defense,APCP,APCP,350,1250,15
6/3/2048,2048,Chase Armstrong,Falcon 5000,3262614,"$195,757 ","1234 Evergreen Way, Seattle, WA 98101",Debbie Armstrong,6/3/2048,Armstrong Industrial,APCP,APCP,350,1250,15
6/11/2048,2048,Leo Rockett,Falcon 5000,2039796,"$203,980 ","4321 Summit Ave, Bellingham, WA 98225",Leo Rockett,6/11/2048,Sound Transit,APCP,APCP,350,1250,15
6/18/2048,2048,Nova Kepler,Falcon 5000,3368995,"$134,760 ","987 Pinecrest Blvd, Bellevue, WA 98004",Nova Kepler,6/18/2048,Dick's Drive-In,APCP,APCP,350,1250,15
6/20/2048,2048,Chase Armstrong,Falcon 5000,3418982,"$205,139 ","1234 Evergreen Way, Seattle, WA 98101",Debbie Armstrong,6/20/2048,Armstrong Industrial,APCP,APCP,350,1250,15
6/24/2048,2048,Leo Rockett,Falcon 5000,2047246,"$204,725 ","4321 Summit Ave, Bellingham, WA 98225",Leo Rockett,6/24/2048,U.S. Department of Defense,APCP,APCP,350,1250,15
6/28/2048,2048,Leo Rockett,Falcon 5000,2302540,"$230,254 ","4321 Summit Ave, Bellingham, WA 98225",Leo Rockett,6/28/2048,Amazon,APCP,APCP,350,1250,15
7/2/2048,2048,Chase Armstrong,Falcon 5000,3587270,"$215,236 ","1234 Evergreen Way, Seattle, WA 98101",Debbie Armstrong,7/2/2048,Armstrong Industrial,APCP,APCP,350,1250,15
7/6/2048,2048,Chase Armstrong,Falcon 5000,3543376,"$212,603 ","1234 Evergreen Way, Seattle, WA 98101",Debbie Armstrong,7/6/2048,Armstrong Industrial,APCP,APCP,350,1250,15
7/9/2048,2048,Chase Armstrong,Falcon 5000,3319046,"$199,143 ","1234 Evergreen Way, Seattle, WA 98101",Debbie Armstrong,7/9/2048,Armstrong Industrial,APCP,APCP,350,1250,15
7/15/2048,2048,Leo Rockett,Falcon 5000,2137018,"$213,702 ","4321 Summit Ave, Bellingham, WA 98225",Leo Rockett,7/15/2048,Dick's Drive-In,APCP,APCP,350,1250,15
7/23/2048,2048,Leo Rockett,Falcon 5000,2284584,"$228,458 ","4321 Summit Ave, Bellingham, WA 98225",Leo Rockett,7/23/2048,U.S. Department of Defense,APCP,APCP,350,1250,15
7/29/2048,2048,Leo Rockett,Falcon 5000,2333723,"$233,372 ","4321 Summit Ave, Bellingham, WA 98225",Leo Rockett,7/29/2048,Armstrong Industrial,APCP,APCP,350,1250,15
8/17/2048,2048,Chase Armstrong,Falcon 5000,3434821,"$206,089 ","1234 Evergreen Way, Seattle, WA 98101",Debbie Armstrong,8/17/2048,Armstrong Industrial,APCP,APCP,350,1250,15
8/21/2048,2048,Leo Rockett,Falcon 5000,2145001,"$214,500 ","4321 Summit Ave, Bellingham, WA 98225",Leo Rockett,8/21/2048,Dick's Drive-In,APCP,APCP,350,1250,15
8/25/2048,2048,Leo Rockett,Falcon 5000,2248068,"$224,807 ","4321 Summit Ave, Bellingham, WA 98225",Leo Rockett,8/25/2048,Armstrong Industrial,APCP,APCP,350,1250,15
9/2/2048,2048,Vega Zenith,Falcon 5000,3093622,"$123,745 ","2468 Cedar St, Everett, WA 98201",Vega Zenith,9/2/2048,Sound Transit,APCP,APCP,350,1250,15
9/7/2048,2048,Leo Rockett,Falcon 5000,2082713,"$208,271 ","4321 Summit Ave, Bellingham, WA 98225",Leo Rockett,9/7/2048,Boeing,APCP,APCP,350,1250,15
10/8/2048,2048,Leo Rockett,Falcon 5000,2280337,"$228,034 ","4321 Summit Ave, Bellingham, WA 98225",Leo Rockett,10/8/2048,Sound Transit,APCP,APCP,350,1250,15
10/12/2048,2048,Chase Armstrong,Falcon 5000,3325512,"$199,531 ","1234 Evergreen Way, Seattle, WA 98101",Debbie Armstrong,10/12/2048,Armstrong Industrial,APCP,APCP,350,1250,15
10/31/2048,2048,Leo Rockett,Falcon 5000,2102683,"$210,268 ","4321 Summit Ave, Bellingham, WA 98225",Leo Rockett,10/31/2048,Pagliacci Pizza,APCP,APCP,350,1250,15
11/9/2048,2048,Leo Rockett,Falcon 5000,2301479,"$230,148 ","4321 Summit Ave, Bellingham, WA 98225",Leo Rockett,11/9/2048,Dick's Drive-In,APCP,APCP,350,1250,15
11/10/2048,2048,Leo Rockett,Falcon 5000,2262944,"$226,294 ","4321 Summit Ave, Bellingham, WA 98225",Leo Rockett,11/10/2048,Dick's Drive-In,APCP,APCP,350,1250,15
11/11/2048,2048,Stella Ignis,Falcon 5000,3222853,"$128,914 ","2345 Alder Lane, Redmond, WA 98052",Stella Ignis,11/11/2048,Sound Transit,APCP,APCP,350,1250,15
11/13/2048,2048,Vega Zenith,Falcon 5000,3241005,"$129,640 ","2468 Cedar St, Everett, WA 98201",Vega Zenith,11/13/2048,Sound Transit,APCP,APCP,350,1250,15
11/18/2048,2048,Leo Rockett,Falcon 5000,2066590,"$206,659 ","4321 Summit Ave, Bellingham, WA 98225",Leo Rockett,11/18/2048,Amazon,APCP,APCP,350,1250,15
12/4/2048,2048,Leo Rockett,Falcon 5000,2095018,"$209,502 ","4321 Summit Ave, Bellingham, WA 98225",Leo Rockett,12/4/2048,Sound Transit,APCP,APCP,350,1250,15
12/11/2048,2048,Vega Zenith,Falcon 5000,3213102,"$128,524 ","2468 Cedar St, Everett, WA 98201",Vega Zenith,12/11/2048,Dick's Drive-In,APCP,APCP,350,1250,15
12/17/2048,2048,Cassio Skyler,Falcon 5000,3115634,"$124,625 ","5678 Ridgeview Terrace, Renton, WA 98055",Cassio Skyler,12/17/2048,Armstrong Industrial,APCP,APCP,350,1250,15
12/29/2048,2048,Leo Rockett,Falcon 5000,2045540,"$204,554 ","4321 Summit Ave, Bellingham, WA 98225",Leo Rockett,12/29/2048,Sound Transit,APCP,APCP,350,1250,15
1/6/2049,2049,Leo Rockett,Falcon 5000,2255829,"$225,583 ","4321 Summit Ave, Bellingham, WA 98225",Leo Rockett,1/6/2049,U.S. Department of Defense,APCP,APCP,350,1250,15
1/13/2049,2049,Leo Rockett,Falcon 5000,2044774,"$204,477 ","4321 Summit Ave, Bellingham, WA 98225",Leo Rockett,1/13/2049,Sound Transit,APCP,APCP,350,1250,15
1/25/2049,2049,Leo Rockett,Falcon 5000,2086374,"$208,637 ","4321 Summit Ave, Bellingham, WA 98225",Leo Rockett,1/25/2049,Sound Transit,APCP,APCP,350,1250,15
2/8/2049,2049,Chase Armstrong,Falcon 5000,3412366,"$204,742 ","1234 Evergreen Way, Seattle, WA 98101",Debbie Armstrong,2/8/2049,Armstrong Industrial,APCP,APCP,350,1250,15
2/16/2049,2049,Leo Rockett,Falcon 5000,2238662,"$223,866 ","4321 Summit Ave, Bellingham, WA 98225",Leo Rockett,2/16/2049,Sound Transit,APCP,APCP,350,1250,15
2/20/2049,2049,Vega Zenith,Falcon 5000,3311054,"$132,442 ","2468 Cedar St, Everett, WA 98201",Vega Zenith,2/20/2049,Sound Transit,APCP,APCP,350,1250,15
2/24/2049,2049,Leo Rockett,Falcon 5000,2119603,"$211,960 ","4321 Summit Ave, Bellingham, WA 98225",Leo Rockett,2/24/2049,U.S. Department of Defense,APCP,APCP,350,1250,15
3/2/2049,2049,Atlas Ryder,Falcon 5000,3181846,"$127,274 ","1357 Rainier Rd, Kirkland, WA 98033",Atlas Ryder,3/2/2049,U.S. Department of Defense,APCP,APCP,350,1250,15
3/7/2049,2049,Leo Rockett,Falcon 5000,2045403,"$204,540 ","4321 Summit Ave, Bellingham, WA 98225",Leo Rockett,3/7/2049,Dick's Drive-In,APCP,APCP,350,1250,15
3/9/2049,2049,Chase Armstrong,Falcon 5000,3421419,"$205,285 ","1234 Evergreen Way, Seattle, WA 98101",Debbie Armstrong,3/9/2049,Armstrong Industrial,APCP,APCP,350,1250,15
3/12/2049,2049,Vega Zenith,Falcon 5000,3243597,"$129,744 ","2468 Cedar St, Everett, WA 98201",Vega Zenith,3/12/2049,Dick's Drive-In,APCP,APCP,350,1250,15
3/14/2049,2049,Leo Rockett,Falcon 5000,2236204,"$223,620 ","4321 Summit Ave, Bellingham, WA 98225",Leo Rockett,3/14/2049,Dick's Drive-In,APCP,APCP,350,1250,15
3/20/2049,2049,Atlas Ryder,Falcon 5000,3194838,"$127,794 ","1357 Rainier Rd, Kirkland, WA 98033",Atlas Ryder,3/20/2049,Dick's Drive-In,APCP,APCP,350,1250,15
3/24/2049,2049,Chase Armstrong,Falcon 5000,3437606,"$206,256 ","1234 Evergreen Way, Seattle, WA 98101",Debbie Armstrong,3/24/2049,Armstrong Industrial,APCP,APCP,350,1250,15
4/4/2049,2049,Leo Rockett,Falcon 5000,2336227,"$233,623 ","4321 Summit Ave, Bellingham, WA 98225",Leo Rockett,4/4/2049,Boeing,APCP,APCP,350,1250,15
4/6/2049,2049,Nova Kepler,Falcon 5000,3567904,"$142,716 ","987 Pinecrest Blvd, Bellevue, WA 98004",Nova Kepler,4/6/2049,Dick's Drive-In,APCP,APCP,350,1250,15
4/13/2049,2049,Vega Zenith,Falcon 5000,3066896,"$122,676 ","2468 Cedar St, Everett, WA 98201",Vega Zenith,4/13/2049,Pagliacci Pizza,APCP,APCP,350,1250,15
4/17/2049,2049,Vega Zenith,Falcon 5000,3243983,"$129,759 ","2468 Cedar St, Everett, WA 98201",Vega Zenith,4/17/2049,U.S. Department of Defense,APCP,APCP,350,1250,15
4/20/2049,2049,Chase Armstrong,Falcon 5000,3472637,"$208,358 ","1234 Evergreen Way, Seattle, WA 98101",Debbie Armstrong,4/20/2049,Armstrong Industrial,APCP,APCP,350,1250,15
4/22/2049,2049,Leo Rockett,Falcon 5000,2220839,"$222,084 ","4321 Summit Ave, Bellingham, WA 98225",Leo Rockett,4/22/2049,Dick's Drive-In,APCP,APCP,350,1250,15
4/26/2049,2049,Leo Rockett,Falcon 5000,2165459,"$216,546 ","4321 Summit Ave, Bellingham, WA 98225",Leo Rockett,4/26/2049,Sound Transit,APCP,APCP,350,1250,15
4/27/2049,2049,Cassio Skyler,Falcon 5000,3348032,"$133,921 ","5678 Ridgeview Terrace, Renton, WA 98055",Cassio Skyler,4/27/2049,Dick's Drive-In,APCP,APCP,350,1250,15
5/8/2049,2049,Luna Vector,Falcon 5000,3341366,"$167,068 ","7890 Harbor St, Spokane, WA 99201",Luna Vector,5/8/2049,Armstrong Industrial,APCP,APCP,350,1250,15
5/15/2049,2049,Chase Armstrong,Falcon 5000,3478733,"$208,724 ","1234 Evergreen Way, Seattle, WA 98101",Debbie Armstrong,5/15/2049,Armstrong Industrial,APCP,APCP,350,1250,15
5/17/2049,2049,Vega Zenith,Falcon 5000,3219604,"$128,784 ","2468 Cedar St, Everett, WA 98201",Vega Zenith,5/17/2049,Amazon,APCP,APCP,350,1250,15
5/31/2049,2049,Leo Rockett,Falcon 5000,2009008,"$200,901 ","4321 Summit Ave, Bellingham, WA 98225",Leo Rockett,5/31/2049,Armstrong Industrial,APCP,APCP,350,1250,15
6/8/2049,2049,Leo Rockett,Falcon 5000,2031087,"$203,109 ","4321 Summit Ave, Bellingham, WA 98225",Leo Rockett,6/8/2049,Armstrong Industrial,APCP,APCP,350,1250,15
6/23/2049,2049,Nova Kepler,Falcon 5000,3558330,"$142,333 ","987 Pinecrest Blvd, Bellevue, WA 98004",Nova Kepler,6/23/2049,Dick's Drive-In,APCP,APCP,350,1250,15
6/26/2049,2049,Cassio Skyler,Falcon 5000,3222783,"$128,911 ","5678 Ridgeview Terrace, Renton, WA 98055",Cassio Skyler,6/26/2049,U.S. Department of Defense,APCP,APCP,350,1250,15
6/28/2049,2049,Leo Rockett,Falcon 5000,2012290,"$201,229 ","4321 Summit Ave, Bellingham, WA 98225",Leo Rockett,6/28/2049,Boeing,APCP,APCP,350,1250,15
6/29/2049,2049,Atlas Ryder,Falcon 5000,3408909,"$136,356 ","1357 Rainier Rd, Kirkland, WA 98033",Atlas Ryder,6/29/2049,Sound Transit,APCP,APCP,350,1250,15
7/7/2049,2049,Chase Armstrong,Falcon 5000,3289392,"$197,364 ","1234 Evergreen Way, Seattle, WA 98101",Debbie Armstrong,7/7/2049,Armstrong Industrial,APCP,APCP,350,1250,15
7/13/2049,2049,Leo Rockett,Falcon 5000,2106205,"$210,621 ","4321 Summit Ave, Bellingham, WA 98225",Leo Rockett,7/13/2049,Armstrong Industrial,APCP,APCP,350,1250,15
7/18/2049,2049,Leo Rockett,Falcon 5000,2098213,"$209,821 ","4321 Summit Ave, Bellingham, WA 98225",Leo Rockett,7/18/2049,Pagliacci Pizza,APCP,APCP,350,1250,15
7/22/2049,2049,Chase Armstrong,Falcon 5000,3566195,"$213,972 ","1234 Evergreen Way, Seattle, WA 98101",Debbie Armstrong,7/22/2049,Armstrong Industrial,APCP,APCP,350,1250,15
7/26/2049,2049,Atlas Ryder,Falcon 5000,3210959,"$128,438 ","1357 Rainier Rd, Kirkland, WA 98033",Atlas Ryder,7/26/2049,Sound Transit,APCP,APCP,350,1250,15
7/29/2049,2049,Leo Rockett,Falcon 5000,2208592,"$220,859 ","4321 Summit Ave, Bellingham, WA 98225",Leo Rockett,7/29/2049,Boeing,APCP,APCP,350,1250,15
8/11/2049,2049,Leo Rockett,Falcon 5000,2080501,"$208,050 ","4321 Summit Ave, Bellingham, WA 98225",Leo Rockett,8/11/2049,Boeing,APCP,APCP,350,1250,15
8/15/2049,2049,Leo Rockett,Falcon 5000,2121440,"$212,144 ","4321 Summit Ave, Bellingham, WA 98225",Leo Rockett,8/15/2049,Dick's Drive-In,APCP,APCP,350,1250,15
8/18/2049,2049,Leo Rockett,Falcon 5000,2162908,"$216,291 ","4321 Summit Ave, Bellingham, WA 98225",Leo Rockett,8/18/2049,Dick's Drive-In,APCP,APCP,350,1250,15
9/3/2049,2049,Leo Rockett,Falcon 5000,2275518,"$227,552 ","4321 Summit Ave, Bellingham, WA 98225",Leo Rockett,9/3/2049,Amazon,APCP,APCP,350,1250,15
9/4/2049,2049,Chase Armstrong,Falcon 5000,3522824,"$211,369 ","1234 Evergreen Way, Seattle, WA 98101",Debbie Armstrong,9/4/2049,Armstrong Industrial,APCP,APCP,350,1250,15
9/11/2049,2049,Chase Armstrong,Falcon 5000,3550628,"$213,038 ","1234 Evergreen Way, Seattle, WA 98101",Debbie Armstrong,9/11/2049,Armstrong Industrial,APCP,APCP,350,1250,15
9/13/2049,2049,Leo Rockett,Falcon 5000,2167934,"$216,793 ","4321 Summit Ave, Bellingham, WA 98225",Leo Rockett,9/13/2049,U.S. Department of Defense,APCP,APCP,350,1250,15
9/14/2049,2049,Vega Zenith,Falcon 5000,3405513,"$136,221 ","2468 Cedar St, Everett, WA 98201",Vega Zenith,9/14/2049,Dick's Drive-In,APCP,APCP,350,1250,15
9/20/2049,2049,Cassio Skyler,Falcon 5000,3334418,"$133,377 ","5678 Ridgeview Terrace, Renton, WA 98055",Cassio Skyler,9/20/2049,Sound Transit,APCP,APCP,350,1250,15
9/21/2049,2049,Leo Rockett,Falcon 5000,2184847,"$218,485 ","4321 Summit Ave, Bellingham, WA 98225",Leo Rockett,9/21/2049,Sound Transit,APCP,APCP,350,1250,15
9/22/2049,2049,Stella Ignis,Falcon 5000,3212769,"$128,511 ","2345 Alder Lane, Redmond, WA 98052",Stella Ignis,9/22/2049,Dick's Drive-In,APCP,APCP,350,1250,15
9/25/2049,2049,Chase Armstrong,Falcon 5000,3350791,"$201,047 ","1234 Evergreen Way, Seattle, WA 98101",Debbie Armstrong,9/25/2049,Armstrong Industrial,APCP,APCP,350,1250,15
9/26/2049,2049,Vega Zenith,Falcon 5000,3271386,"$130,855 ","2468 Cedar St, Everett, WA 98201",Vega Zenith,9/26/2049,Dick's Drive-In,APCP,APCP,350,1250,15
10/3/2049,2049,Leo Rockett,Falcon 5000,2021156,"$202,116 ","4321 Summit Ave, Bellingham, WA 98225",Leo Rockett,10/3/2049,Dick's Drive-In,APCP,APCP,350,1250,15
10/12/2049,2049,Stella Ignis,Falcon 5000,3288180,"$131,527 ","2345 Alder Lane, Redmond, WA 98052",Stella Ignis,10/12/2049,Sound Transit,APCP,APCP,350,1250,15
10/17/2049,2049,Chase Armstrong,Falcon 5000,3375421,"$202,525 ","1234 Evergreen Way, Seattle, WA 98101",Debbie Armstrong,10/17/2049,Armstrong Industrial,APCP,APCP,350,1250,15
10/26/2049,2049,Vega Zenith,Falcon 5000,3149610,"$125,984 ","2468 Cedar St, Everett, WA 98201",Vega Zenith,10/26/2049,Pagliacci Pizza,APCP,APCP,350,1250,15
11/1/2049,2049,Vega Zenith,Falcon 5000,3067670,"$122,707 ","2468 Cedar St, Everett, WA 98201",Vega Zenith,11/1/2049,Pagliacci Pizza,APCP,APCP,350,1250,15
11/4/2049,2049,Leo Rockett,Falcon 5000,2139229,"$213,923 ","4321 Summit Ave, Bellingham, WA 98225",Leo Rockett,11/4/2049,Dick's Drive-In,APCP,APCP,350,1250,15
11/5/2049,2049,Vega Zenith,Falcon 5000,3393686,"$135,747 ","2468 Cedar St, Everett, WA 98201",Vega Zenith,11/5/2049,Sound Transit,APCP,APCP,350,1250,15
11/9/2049,2049,Vega Zenith,Falcon 5000,3276582,"$131,063 ","2468 Cedar St, Everett, WA 98201",Vega Zenith,11/9/2049,Armstrong Industrial,APCP,APCP,350,1250,15
11/19/2049,2049,Chase Armstrong,Falcon 5000,3388394,"$203,304 ","1234 Evergreen Way, Seattle, WA 98101",Debbie Armstrong,11/19/2049,Armstrong Industrial,APCP,APCP,350,1250,15
11/23/2049,2049,Chase Armstrong,Falcon 5000,3554221,"$213,253 ","1234 Evergreen Way, Seattle, WA 98101",Debbie Armstrong,11/23/2049,Armstrong Industrial,APCP,APCP,350,1250,15
12/3/2049,2049,Jet Falconer,Falcon 5000,3060795,"$122,432 ","6789 Maple Drive, Olympia, WA 98501",Jet Falconer,12/3/2049,Sound Transit,APCP,APCP,350,1250,15
12/6/2049,2049,Stella Ignis,Falcon 5000,3370256,"$134,810 ","2345 Alder Lane, Redmond, WA 98052",Stella Ignis,12/6/2049,Dick's Drive-In,APCP,APCP,350,1250,15
12/15/2049,2049,Chase Armstrong,Falcon 5000,3430997,"$205,860 ","1234 Evergreen Way, Seattle, WA 98101",Debbie Armstrong,12/15/2049,Armstrong Industrial,APCP,APCP,350,1250,15
12/18/2049,2049,Leo Rockett,Falcon 5000,2155009,"$215,501 ","4321 Summit Ave, Bellingham, WA 98225",Leo Rockett,12/18/2049,Pagliacci Pizza,APCP,APCP,350,1250,15
12/21/2049,2049,Leo Rockett,Falcon 5000,2162531,"$216,253 ","4321 Summit Ave, Bellingham, WA 98225",Leo Rockett,12/21/2049,Armstrong Industrial,APCP,APCP,350,1250,15
12/23/2049,2049,Chase Armstrong,Falcon 5000,3523467,"$211,408 ","1234 Evergreen Way, Seattle, WA 98101",Debbie Armstrong,12/23/2049,Armstrong Industrial,APCP,APCP,350,1250,15
12/26/2049,2049,Leo Rockett,Falcon 5000,2057878,"$205,788 ","4321 Summit Ave, Bellingham, WA 98225",Leo Rockett,12/26/2049,Amazon,APCP,APCP,350,1250,15
12/31/2049,2049,Chase Armstrong,Falcon 5000,3478581,"$208,715 ","1234 Evergreen Way, Seattle, WA 98101",Debbie Armstrong,12/31/2049,Armstrong Industrial,APCP,APCP,350,1250,15
1/1/2040,2040,Chase Armstrong,Saturn 18,1379494,"$82,770 ","1234 Evergreen Way, Seattle, WA 98101",Debbie Armstrong,1/1/2040,Armstrong Industrial,APCP,APCP,300,1000,12
1/4/2040,2040,Nova Kepler,Saturn 18,1371273,"$54,851 ","987 Pinecrest Blvd, Bellevue, WA 98004",Nova Kepler,1/4/2040,Sound Transit,APCP,APCP,300,1000,12
1/5/2040,2040,Nova Kepler,Saturn 18,1335453,"$53,418 ","987 Pinecrest Blvd, Bellevue, WA 98004",Nova Kepler,1/5/2040,Sound Transit,APCP,APCP,300,1000,12
1/10/2040,2040,Cassio Skyler,Saturn 18,1365161,"$54,606 ","5678 Ridgeview Terrace, Renton, WA 98055",Cassio Skyler,1/10/2040,Sound Transit,APCP,APCP,300,1000,12
1/11/2040,2040,Stella Ignis,Saturn 18,1280067,"$51,203 ","2345 Alder Lane, Redmond, WA 98052",Stella Ignis,1/11/2040,Amazon,APCP,APCP,300,1000,12
1/13/2040,2040,Leo Rockett,Saturn 18,840098,"$84,010 ","4321 Summit Ave, Bellingham, WA 98225",Leo Rockett,1/13/2040,Sound Transit,APCP,APCP,300,1000,12
1/14/2040,2040,Atlas Ryder,Saturn 18,1224751,"$48,990 ","1357 Rainier Rd, Kirkland, WA 98033",Atlas Ryder,1/14/2040,Dick's Drive-In,APCP,APCP,300,1000,12
1/16/2040,2040,Leo Rockett,Saturn 18,846238,"$84,624 ","4321 Summit Ave, Bellingham, WA 98225",Leo Rockett,1/16/2040,Boeing,APCP,APCP,300,1000,12
1/20/2040,2040,Chase Armstrong,Saturn 18,1354998,"$81,300 ","1234 Evergreen Way, Seattle, WA 98101",Debbie Armstrong,1/20/2040,Armstrong Industrial,APCP,APCP,300,1000,12
1/21/2040,2040,Cassio Skyler,Saturn 18,1302918,"$52,117 ","5678 Ridgeview Terrace, Renton, WA 98055",Cassio Skyler,1/21/2040,Boeing,APCP,APCP,300,1000,12
1/24/2040,2040,Leo Rockett,Saturn 18,859352,"$85,935 ","4321 Summit Ave, Bellingham, WA 98225",Leo Rockett,1/24/2040,Dick's Drive-In,APCP,APCP,300,1000,12
1/27/2040,2040,Leo Rockett,Saturn 18,857932,"$85,793 ","4321 Summit Ave, Bellingham, WA 98225",Leo Rockett,1/27/2040,Sound Transit,APCP,APCP,300,1000,12
1/31/2040,2040,Leo Rockett,Saturn 18,793398,"$79,340 ","4321 Summit Ave, Bellingham, WA 98225",Leo Rockett,1/31/2040,Pagliacci Pizza,APCP,APCP,300,1000,12
2/4/2040,2040,Nova Kepler,Saturn 18,1319141,"$52,766 ","987 Pinecrest Blvd, Bellevue, WA 98004",Nova Kepler,2/4/2040,Dick's Drive-In,APCP,APCP,300,1000,12
2/5/2040,2040,Chase Armstrong,Saturn 18,1397549,"$83,853 ","1234 Evergreen Way, Seattle, WA 98101",Debbie Armstrong,2/5/2040,Armstrong Industrial,APCP,APCP,300,1000,12
2/8/2040,2040,Nova Kepler,Saturn 18,1413191,"$56,528 ","987 Pinecrest Blvd, Bellevue, WA 98004",Nova Kepler,2/8/2040,Sound Transit,APCP,APCP,300,1000,12
2/13/2040,2040,Chase Armstrong,Saturn 18,1302961,"$78,178 ","1234 Evergreen Way, Seattle, WA 98101",Debbie Armstrong,2/13/2040,Armstrong Industrial,APCP,APCP,300,1000,12
2/14/2040,2040,Chase Armstrong,Saturn 18,1410543,"$84,633 ","1234 Evergreen Way, Seattle, WA 98101",Debbie Armstrong,2/14/2040,Armstrong Industrial,APCP,APCP,300,1000,12
2/17/2040,2040,Vega Zenith,Saturn 18,1270675,"$50,827 ","2468 Cedar St, Everett, WA 98201",Vega Zenith,2/17/2040,Sound Transit,APCP,APCP,300,1000,12
2/19/2040,2040,Chase Armstrong,Saturn 18,1349082,"$80,945 ","1234 Evergreen Way, Seattle, WA 98101",Debbie Armstrong,2/19/2040,Armstrong Industrial,APCP,APCP,300,1000,12
2/20/2040,2040,Leo Rockett,Saturn 18,857503,"$85,750 ","4321 Summit Ave, Bellingham, WA 98225",Leo Rockett,2/20/2040,Dick's Drive-In,APCP,APCP,300,1000,12
2/27/2040,2040,Vega Zenith,Saturn 18,1232425,"$49,297 ","2468 Cedar St, Everett, WA 98201",Vega Zenith,2/27/2040,Amazon,APCP,APCP,300,1000,12
2/29/2040,2040,Cassio Skyler,Saturn 18,1256657,"$50,266 ","5678 Ridgeview Terrace, Renton, WA 98055",Cassio Skyler,2/29/2040,Dick's Drive-In,APCP,APCP,300,1000,12
3/1/2040,2040,Vega Zenith,Saturn 18,1268431,"$50,737 ","2468 Cedar St, Everett, WA 98201",Vega Zenith,3/1/2040,Dick's Drive-In,APCP,APCP,300,1000,12
3/3/2040,2040,Chase Armstrong,Saturn 18,1439982,"$86,399 ","1234 Evergreen Way, Seattle, WA 98101",Debbie Armstrong,3/3/2040,Armstrong Industrial,APCP,APCP,300,1000,12
3/7/2040,2040,Chase Armstrong,Saturn 18,1310617,"$78,637 ","1234 Evergreen Way, Seattle, WA 98101",Debbie Armstrong,3/7/2040,Armstrong Industrial,APCP,APCP,300,1000,12
3/11/2040,2040,Leo Rockett,Saturn 18,824021,"$82,402 ","4321 Summit Ave, Bellingham, WA 98225",Leo Rockett,3/11/2040,Amazon,APCP,APCP,300,1000,12
3/12/2040,2040,Chase Armstrong,Saturn 18,1393611,"$83,617 ","1234 Evergreen Way, Seattle, WA 98101",Debbie Armstrong,3/12/2040,Armstrong Industrial,APCP,APCP,300,1000,12
3/16/2040,2040,Leo Rockett,Saturn 18,829094,"$82,909 ","4321 Summit Ave, Bellingham, WA 98225",Leo Rockett,3/16/2040,Dick's Drive-In,APCP,APCP,300,1000,12
3/20/2040,2040,Leo Rockett,Saturn 18,814152,"$81,415 ","4321 Summit Ave, Bellingham, WA 98225",Leo Rockett,3/20/2040,Dick's Drive-In,APCP,APCP,300,1000,12
3/21/2040,2040,Cassio Skyler,Saturn 18,1299058,"$51,962 ","5678 Ridgeview Terrace, Renton, WA 98055",Cassio Skyler,3/21/2040,Dick's Drive-In,APCP,APCP,300,1000,12
3/22/2040,2040,Vega Zenith,Saturn 18,1335020,"$53,401 ","2468 Cedar St, Everett, WA 98201",Vega Zenith,3/22/2040,Dick's Drive-In,APCP,APCP,300,1000,12
3/25/2040,2040,Atlas Ryder,Saturn 18,1261830,"$50,473 ","1357 Rainier Rd, Kirkland, WA 98033",Atlas Ryder,3/25/2040,Dick's Drive-In,APCP,APCP,300,1000,12
3/26/2040,2040,Chase Armstrong,Saturn 18,1312021,"$78,721 ","1234 Evergreen Way, Seattle, WA 98101",Debbie Armstrong,3/26/2040,Armstrong Industrial,APCP,APCP,300,1000,12
3/28/2040,2040,Atlas Ryder,Saturn 18,1247856,"$49,914 ","1357 Rainier Rd, Kirkland, WA 98033",Atlas Ryder,3/28/2040,Pagliacci Pizza,APCP,APCP,300,1000,12
3/31/2040,2040,Leo Rockett,Saturn 18,916828,"$91,683 ","4321 Summit Ave, Bellingham, WA 98225",Leo Rockett,3/31/2040,Dick's Drive-In,APCP,APCP,300,1000,12
4/1/2040,2040,Atlas Ryder,Saturn 18,1343075,"$53,723 ","1357 Rainier Rd, Kirkland, WA 98033",Atlas Ryder,4/1/2040,Pagliacci Pizza,APCP,APCP,300,1000,12
4/3/2040,2040,Leo Rockett,Saturn 18,891062,"$89,106 ","4321 Summit Ave, Bellingham, WA 98225",Leo Rockett,4/3/2040,U.S. Department of Defense,APCP,APCP,300,1000,12
4/4/2040,2040,Nova Kepler,Saturn 18,1339416,"$53,577 ","987 Pinecrest Blvd, Bellevue, WA 98004",Nova Kepler,4/4/2040,U.S. Department of Defense,APCP,APCP,300,1000,12
4/6/2040,2040,Leo Rockett,Saturn 18,854393,"$85,439 ","4321 Summit Ave, Bellingham, WA 98225",Leo Rockett,4/6/2040,Dick's Drive-In,APCP,APCP,300,1000,12
4/8/2040,2040,Leo Rockett,Saturn 18,804393,"$80,439 ","4321 Summit Ave, Bellingham, WA 98225",Leo Rockett,4/8/2040,Amazon,APCP,APCP,300,1000,12
4/9/2040,2040,Leo Rockett,Saturn 18,919602,"$91,960 ","4321 Summit Ave, Bellingham, WA 98225",Leo Rockett,4/9/2040,Dick's Drive-In,APCP,APCP,300,1000,12
4/10/2040,2040,Chase Armstrong,Saturn 18,1419754,"$85,185 ","1234 Evergreen Way, Seattle, WA 98101",Debbie Armstrong,4/10/2040,Armstrong Industrial,APCP,APCP,300,1000,12
4/12/2040,2040,Vega Zenith,Saturn 18,1338002,"$53,520 ","2468 Cedar St, Everett, WA 98201",Vega Zenith,4/12/2040,Boeing,APCP,APCP,300,1000,12
4/16/2040,2040,Vega Zenith,Saturn 18,1362347,"$54,494 ","2468 Cedar St, Everett, WA 98201",Vega Zenith,4/16/2040,Boeing,APCP,APCP,300,1000,12
4/20/2040,2040,Chase Armstrong,Saturn 18,1368791,"$82,127 ","1234 Evergreen Way, Seattle, WA 98101",Debbie Armstrong,4/20/2040,Armstrong Industrial,APCP,APCP,300,1000,12
4/21/2040,2040,Chase Armstrong,Saturn 18,1413564,"$84,814 ","1234 Evergreen Way, Seattle, WA 98101",Debbie Armstrong,4/21/2040,Armstrong Industrial,APCP,APCP,300,1000,12
4/24/2040,2040,Leo Rockett,Saturn 18,825784,"$82,578 ","4321 Summit Ave, Bellingham, WA 98225",Leo Rockett,4/24/2040,Dick's Drive-In,APCP,APCP,300,1000,12
4/29/2040,2040,Leo Rockett,Saturn 18,912313,"$91,231 ","4321 Summit Ave, Bellingham, WA 98225",Leo Rockett,4/29/2040,U.S. Department of Defense,APCP,APCP,300,1000,12
5/3/2040,2040,Chase Armstrong,Saturn 18,1334239,"$80,054 ","1234 Evergreen Way, Seattle, WA 98101",Debbie Armstrong,5/3/2040,Armstrong Industrial,APCP,APCP,300,1000,12
5/7/2040,2040,Cassio Skyler,Saturn 18,1242012,"$49,680 ","5678 Ridgeview Terrace, Renton, WA 98055",Cassio Skyler,5/7/2040,Sound Transit,APCP,APCP,300,1000,12
5/11/2040,2040,Chase Armstrong,Saturn 18,1427618,"$85,657 ","1234 Evergreen Way, Seattle, WA 98101",Debbie Armstrong,5/11/2040,Armstrong Industrial,APCP,APCP,300,1000,12
5/13/2040,2040,Leo Rockett,Saturn 18,815016,"$81,502 ","4321 Summit Ave, Bellingham, WA 98225",Leo Rockett,5/13/2040,Dick's Drive-In,APCP,APCP,300,1000,12
5/14/2040,2040,Leo Rockett,Saturn 18,922409,"$92,241 ","4321 Summit Ave, Bellingham, WA 98225",Leo Rockett,5/14/2040,Boeing,APCP,APCP,300,1000,12
5/15/2040,2040,Leo Rockett,Saturn 18,921249,"$92,125 ","4321 Summit Ave, Bellingham, WA 98225",Leo Rockett,5/15/2040,Dick's Drive-In,APCP,APCP,300,1000,12
5/17/2040,2040,Leo Rockett,Saturn 18,919536,"$91,954 ","4321 Summit Ave, Bellingham, WA 98225",Leo Rockett,5/17/2040,Boeing,APCP,APCP,300,1000,12
5/21/2040,2040,Leo Rockett,Saturn 18,924105,"$92,411 ","4321 Summit Ave, Bellingham, WA 98225",Leo Rockett,5/21/2040,U.S. Department of Defense,APCP,APCP,300,1000,12
5/24/2040,2040,Vega Zenith,Saturn 18,1336260,"$53,450 ","2468 Cedar St, Everett, WA 98201",Vega Zenith,5/24/2040,Dick's Drive-In,APCP,APCP,300,1000,12
5/27/2040,2040,Leo Rockett,Saturn 18,793570,"$79,357 ","4321 Summit Ave, Bellingham, WA 98225",Leo Rockett,5/27/2040,U.S. Department of Defense,APCP,APCP,300,1000,12
5/28/2040,2040,Leo Rockett,Saturn 18,882939,"$88,294 ","4321 Summit Ave, Bellingham, WA 98225",Leo Rockett,5/28/2040,U.S. Department of Defense,APCP,APCP,300,1000,12
6/1/2040,2040,Leo Rockett,Saturn 18,887932,"$88,793 ","4321 Summit Ave, Bellingham, WA 98225",Leo Rockett,6/1/2040,Sound Transit,APCP,APCP,300,1000,12
6/2/2040,2040,Chase Armstrong,Saturn 18,1416096,"$84,966 ","1234 Evergreen Way, Seattle, WA 98101",Debbie Armstrong,6/2/2040,Armstrong Industrial,APCP,APCP,300,1000,12
6/5/2040,2040,Leo Rockett,Saturn 18,892054,"$89,205 ","4321 Summit Ave, Bellingham, WA 98225",Leo Rockett,6/5/2040,Sound Transit,APCP,APCP,300,1000,12
6/6/2040,2040,Leo Rockett,Saturn 18,839877,"$83,988 ","4321 Summit Ave, Bellingham, WA 98225",Leo Rockett,6/6/2040,Amazon,APCP,APCP,300,1000,12
6/10/2040,2040,Leo Rockett,Saturn 18,800430,"$80,043 ","4321 Summit Ave, Bellingham, WA 98225",Leo Rockett,6/10/2040,Dick's Drive-In,APCP,APCP,300,1000,12
6/11/2040,2040,Chase Armstrong,Saturn 18,1399718,"$83,983 ","1234 Evergreen Way, Seattle, WA 98101",Debbie Armstrong,6/11/2040,Armstrong Industrial,APCP,APCP,300,1000,12
6/13/2040,2040,Chase Armstrong,Saturn 18,1359092,"$81,546 ","1234 Evergreen Way, Seattle, WA 98101",Debbie Armstrong,6/13/2040,Armstrong Industrial,APCP,APCP,300,1000,12
6/15/2040,2040,Chase Armstrong,Saturn 18,1353225,"$81,194 ","1234 Evergreen Way, Seattle, WA 98101",Debbie Armstrong,6/15/2040,Armstrong Industrial,APCP,APCP,300,1000,12
6/17/2040,2040,Cassio Skyler,Saturn 18,1290319,"$51,613 ","5678 Ridgeview Terrace, Renton, WA 98055",Cassio Skyler,6/17/2040,Sound Transit,APCP,APCP,300,1000,12
6/19/2040,2040,Chase Armstrong,Saturn 18,1378428,"$82,706 ","1234 Evergreen Way, Seattle, WA 98101",Debbie Armstrong,6/19/2040,Armstrong Industrial,APCP,APCP,300,1000,12
6/21/2040,2040,Luna Vector,Saturn 18,1302931,"$65,147 ","7890 Harbor St, Spokane, WA 99201",Luna Vector,6/21/2040,Amazon,APCP,APCP,300,1000,12
6/23/2040,2040,Chase Armstrong,Saturn 18,1299420,"$77,965 ","1234 Evergreen Way, Seattle, WA 98101",Debbie Armstrong,6/23/2040,Armstrong Industrial,APCP,APCP,300,1000,12
6/25/2040,2040,Nova Kepler,Saturn 18,1431119,"$57,245 ","987 Pinecrest Blvd, Bellevue, WA 98004",Nova Kepler,6/25/2040,Pagliacci Pizza,APCP,APCP,300,1000,12
6/27/2040,2040,Leo Rockett,Saturn 18,894246,"$89,425 ","4321 Summit Ave, Bellingham, WA 98225",Leo Rockett,6/27/2040,Dick's Drive-In,APCP,APCP,300,1000,12
6/30/2040,2040,Chase Armstrong,Saturn 18,1328307,"$79,698 ","1234 Evergreen Way, Seattle, WA 98101",Debbie Armstrong,6/30/2040,Armstrong Industrial,APCP,APCP,300,1000,12
7/2/2040,2040,Cassio Skyler,Saturn 18,1311285,"$52,451 ","5678 Ridgeview Terrace, Renton, WA 98055",Cassio Skyler,7/2/2040,Pagliacci Pizza,APCP,APCP,300,1000,12
7/4/2040,2040,Atlas Ryder,Saturn 18,1297658,"$51,906 ","1357 Rainier Rd, Kirkland, WA 98033",Atlas Ryder,7/4/2040,Dick's Drive-In,APCP,APCP,300,1000,12
7/6/2040,2040,Leo Rockett,Saturn 18,836631,"$83,663 ","4321 Summit Ave, Bellingham, WA 98225",Leo Rockett,7/6/2040,Pagliacci Pizza,APCP,APCP,300,1000,12
7/10/2040,2040,Leo Rockett,Saturn 18,927832,"$92,783 ","4321 Summit Ave, Bellingham, WA 98225",Leo Rockett,7/10/2040,Amazon,APCP,APCP,300,1000,12
7/12/2040,2040,Cassio Skyler,Saturn 18,1244696,"$49,788 ","5678 Ridgeview Terrace, Renton, WA 98055",Cassio Skyler,7/12/2040,Dick's Drive-In,APCP,APCP,300,1000,12
7/14/2040,2040,Luna Vector,Saturn 18,1325041,"$66,252 ","7890 Harbor St, Spokane, WA 99201",Luna Vector,7/14/2040,Boeing,APCP,APCP,300,1000,12
7/16/2040,2040,Vega Zenith,Saturn 18,1267886,"$50,715 ","2468 Cedar St, Everett, WA 98201",Vega Zenith,7/16/2040,Dick's Drive-In,APCP,APCP,300,1000,12
7/17/2040,2040,Cassio Skyler,Saturn 18,1288668,"$51,547 ","5678 Ridgeview Terrace, Renton, WA 98055",Cassio Skyler,7/17/2040,Pagliacci Pizza,APCP,APCP,300,1000,12
7/20/2040,2040,Chase Armstrong,Saturn 18,1379704,"$82,782 ","1234 Evergreen Way, Seattle, WA 98101",Debbie Armstrong,7/20/2040,Armstrong Industrial,APCP,APCP,300,1000,12
7/21/2040,2040,Vega Zenith,Saturn 18,1333639,"$53,346 ","2468 Cedar St, Everett, WA 98201",Vega Zenith,7/21/2040,U.S. Department of Defense,APCP,APCP,300,1000,12
7/24/2040,2040,Cassio Skyler,Saturn 18,1238219,"$49,529 ","5678 Ridgeview Terrace, Renton, WA 98055",Cassio Skyler,7/24/2040,Sound Transit,APCP,APCP,300,1000,12
7/28/2040,2040,Atlas Ryder,Saturn 18,1288214,"$51,529 ","1357 Rainier Rd, Kirkland, WA 98033",Atlas Ryder,7/28/2040,Armstrong Industrial,APCP,APCP,300,1000,12
7/31/2040,2040,Chase Armstrong,Saturn 18,1331114,"$79,867 ","1234 Evergreen Way, Seattle, WA 98101",Debbie Armstrong,7/31/2040,Armstrong Industrial,APCP,APCP,300,1000,12
8/7/2040,2040,Leo Rockett,Saturn 18,912890,"$91,289 ","4321 Summit Ave, Bellingham, WA 98225",Leo Rockett,8/7/2040,Dick's Drive-In,APCP,APCP,300,1000,12
8/11/2040,2040,Nova Kepler,Saturn 18,1366441,"$54,658 ","987 Pinecrest Blvd, Bellevue, WA 98004",Nova Kepler,8/11/2040,Sound Transit,APCP,APCP,300,1000,12
8/13/2040,2040,Leo Rockett,Saturn 18,872955,"$87,296 ","4321 Summit Ave, Bellingham, WA 98225",Leo Rockett,8/13/2040,Dick's Drive-In,APCP,APCP,300,1000,12
8/16/2040,2040,Leo Rockett,Saturn 18,932888,"$93,289 ","4321 Summit Ave, Bellingham, WA 98225",Leo Rockett,8/16/2040,Sound Transit,APCP,APCP,300,1000,12
8/20/2040,2040,Chase Armstrong,Saturn 18,1348484,"$80,909 ","1234 Evergreen Way, Seattle, WA 98101",Debbie Armstrong,8/20/2040,Armstrong Industrial,APCP,APCP,300,1000,12
8/22/2040,2040,Nova Kepler,Saturn 18,1308205,"$52,328 ","987 Pinecrest Blvd, Bellevue, WA 98004",Nova Kepler,8/22/2040,Amazon,APCP,APCP,300,1000,12
8/26/2040,2040,Leo Rockett,Saturn 18,926048,"$92,605 ","4321 Summit Ave, Bellingham, WA 98225",Leo Rockett,8/26/2040,Sound Transit,APCP,APCP,300,1000,12
8/30/2040,2040,Luna Vector,Saturn 18,1244199,"$62,210 ","7890 Harbor St, Spokane, WA 99201",Luna Vector,8/30/2040,Sound Transit,APCP,APCP,300,1000,12
9/2/2040,2040,Luna Vector,Saturn 18,1245811,"$62,291 ","7890 Harbor St, Spokane, WA 99201",Luna Vector,9/2/2040,Dick's Drive-In,APCP,APCP,300,1000,12
9/4/2040,2040,Cassio Skyler,Saturn 18,1364981,"$54,599 ","5678 Ridgeview Terrace, Renton, WA 98055",Cassio Skyler,9/4/2040,U.S. Department of Defense,APCP,APCP,300,1000,12
9/8/2040,2040,Chase Armstrong,Saturn 18,1382340,"$82,940 ","1234 Evergreen Way, Seattle, WA 98101",Debbie Armstrong,9/8/2040,Armstrong Industrial,APCP,APCP,300,1000,12
9/12/2040,2040,Chase Armstrong,Saturn 18,1415632,"$84,938 ","1234 Evergreen Way, Seattle, WA 98101",Debbie Armstrong,9/12/2040,Armstrong Industrial,APCP,APCP,300,1000,12
9/13/2040,2040,Leo Rockett,Saturn 18,809931,"$80,993 ","4321 Summit Ave, Bellingham, WA 98225",Leo Rockett,9/13/2040,Dick's Drive-In,APCP,APCP,300,1000,12
9/16/2040,2040,Leo Rockett,Saturn 18,871370,"$87,137 ","4321 Summit Ave, Bellingham, WA 98225",Leo Rockett,9/16/2040,U.S. Department of Defense,APCP,APCP,300,1000,12
9/18/2040,2040,Vega Zenith,Saturn 18,1246871,"$49,875 ","2468 Cedar St, Everett, WA 98201",Vega Zenith,9/18/2040,Armstrong Industrial,APCP,APCP,300,1000,12
9/22/2040,2040,Atlas Ryder,Saturn 18,1349003,"$53,960 ","1357 Rainier Rd, Kirkland, WA 98033",Atlas Ryder,9/22/2040,U.S. Department of Defense,APCP,APCP,300,1000,12
9/25/2040,2040,Cassio Skyler,Saturn 18,1364956,"$54,598 ","5678 Ridgeview Terrace, Renton, WA 98055",Cassio Skyler,9/25/2040,U.S. Department of Defense,APCP,APCP,300,1000,12
9/27/2040,2040,Luna Vector,Saturn 18,1247834,"$62,392 ","7890 Harbor St, Spokane, WA 99201",Luna Vector,9/27/2040,Armstrong Industrial,APCP,APCP,300,1000,12
9/30/2040,2040,Vega Zenith,Saturn 18,1343854,"$53,754 ","2468 Cedar St, Everett, WA 98201",Vega Zenith,9/30/2040,Dick's Drive-In,APCP,APCP,300,1000,12
10/3/2040,2040,Leo Rockett,Saturn 18,923651,"$92,365 ","4321 Summit Ave, Bellingham, WA 98225",Leo Rockett,10/3/2040,U.S. Department of Defense,APCP,APCP,300,1000,12
10/9/2040,2040,Vega Zenith,Saturn 18,1287540,"$51,502 ","2468 Cedar St, Everett, WA 98201",Vega Zenith,10/9/2040,Sound Transit,APCP,APCP,300,1000,12
10/11/2040,2040,Leo Rockett,Saturn 18,803872,"$80,387 ","4321 Summit Ave, Bellingham, WA 98225",Leo Rockett,10/11/2040,U.S. Department of Defense,APCP,APCP,300,1000,12
10/14/2040,2040,Luna Vector,Saturn 18,1341491,"$67,075 ","7890 Harbor St, Spokane, WA 99201",Luna Vector,10/14/2040,U.S. Department of Defense,APCP,APCP,300,1000,12
10/20/2040,2040,Chase Armstrong,Saturn 18,1406333,"$84,380 ","1234 Evergreen Way, Seattle, WA 98101",Debbie Armstrong,10/20/2040,Armstrong Industrial,APCP,APCP,300,1000,12
10/21/2040,2040,Leo Rockett,Saturn 18,892513,"$89,251 ","4321 Summit Ave, Bellingham, WA 98225",Leo Rockett,10/21/2040,Dick's Drive-In,APCP,APCP,300,1000,12
10/22/2040,2040,Leo Rockett,Saturn 18,892249,"$89,225 ","4321 Summit Ave, Bellingham, WA 98225",Leo Rockett,10/22/2040,Dick's Drive-In,APCP,APCP,300,1000,12
10/23/2040,2040,Leo Rockett,Saturn 18,847947,"$84,795 ","4321 Summit Ave, Bellingham, WA 98225",Leo Rockett,10/23/2040,Dick's Drive-In,APCP,APCP,300,1000,12
10/27/2040,2040,Leo Rockett,Saturn 18,793366,"$79,337 ","4321 Summit Ave, Bellingham, WA 98225",Leo Rockett,10/27/2040,U.S. Department of Defense,APCP,APCP,300,1000,12
10/31/2040,2040,Leo Rockett,Saturn 18,876012,"$87,601 ","4321 Summit Ave, Bellingham, WA 98225",Leo Rockett,10/31/2040,Sound Transit,APCP,APCP,300,1000,12
11/4/2040,2040,Atlas Ryder,Saturn 18,1289925,"$51,597 ","1357 Rainier Rd, Kirkland, WA 98033",Atlas Ryder,11/4/2040,U.S. Department of Defense,APCP,APCP,300,1000,12
11/7/2040,2040,Chase Armstrong,Saturn 18,1330912,"$79,855 ","1234 Evergreen Way, Seattle, WA 98101",Debbie Armstrong,11/7/2040,Armstrong Industrial,APCP,APCP,300,1000,12
11/10/2040,2040,Chase Armstrong,Saturn 18,1408086,"$84,485 ","1234 Evergreen Way, Seattle, WA 98101",Debbie Armstrong,11/10/2040,Armstrong Industrial,APCP,APCP,300,1000,12
11/11/2040,2040,Jet Falconer,Saturn 18,1280044,"$51,202 ","6789 Maple Drive, Olympia, WA 98501",Jet Falconer,11/11/2040,Boeing,APCP,APCP,300,1000,12
11/13/2040,2040,Nova Kepler,Saturn 18,1408384,"$56,335 ","987 Pinecrest Blvd, Bellevue, WA 98004",Nova Kepler,11/13/2040,Pagliacci Pizza,APCP,APCP,300,1000,12
11/15/2040,2040,Leo Rockett,Saturn 18,929462,"$92,946 ","4321 Summit Ave, Bellingham, WA 98225",Leo Rockett,11/15/2040,Armstrong Industrial,APCP,APCP,300,1000,12
11/18/2040,2040,Atlas Ryder,Saturn 18,1292734,"$51,709 ","1357 Rainier Rd, Kirkland, WA 98033",Atlas Ryder,11/18/2040,Sound Transit,APCP,APCP,300,1000,12
11/22/2040,2040,Leo Rockett,Saturn 18,851682,"$85,168 ","4321 Summit Ave, Bellingham, WA 98225",Leo Rockett,11/22/2040,Dick's Drive-In,APCP,APCP,300,1000,12
11/26/2040,2040,Leo Rockett,Saturn 18,889188,"$88,919 ","4321 Summit Ave, Bellingham, WA 98225",Leo Rockett,11/26/2040,Pagliacci Pizza,APCP,APCP,300,1000,12
11/28/2040,2040,Leo Rockett,Saturn 18,826461,"$82,646 ","4321 Summit Ave, Bellingham, WA 98225",Leo Rockett,11/28/2040,Sound Transit,APCP,APCP,300,1000,12
12/1/2040,2040,Nova Kepler,Saturn 18,1424976,"$56,999 ","987 Pinecrest Blvd, Bellevue, WA 98004",Nova Kepler,12/1/2040,Dick's Drive-In,APCP,APCP,300,1000,12
12/4/2040,2040,Chase Armstrong,Saturn 18,1360517,"$81,631 ","1234 Evergreen Way, Seattle, WA 98101",Debbie Armstrong,12/4/2040,Armstrong Industrial,APCP,APCP,300,1000,12
12/7/2040,2040,Atlas Ryder,Saturn 18,1233439,"$49,338 ","1357 Rainier Rd, Kirkland, WA 98033",Atlas Ryder,12/7/2040,Amazon,APCP,APCP,300,1000,12
12/11/2040,2040,Vega Zenith,Saturn 18,1252398,"$50,096 ","2468 Cedar St, Everett, WA 98201",Vega Zenith,12/11/2040,Dick's Drive-In,APCP,APCP,300,1000,12
12/14/2040,2040,Atlas Ryder,Saturn 18,1328618,"$53,145 ","1357 Rainier Rd, Kirkland, WA 98033",Atlas Ryder,12/14/2040,Sound Transit,APCP,APCP,300,1000,12
12/15/2040,2040,Cassio Skyler,Saturn 18,1284596,"$51,384 ","5678 Ridgeview Terrace, Renton, WA 98055",Cassio Skyler,12/15/2040,Armstrong Industrial,APCP,APCP,300,1000,12
12/18/2040,2040,Vega Zenith,Saturn 18,1292197,"$51,688 ","2468 Cedar St, Everett, WA 98201",Vega Zenith,12/18/2040,Dick's Drive-In,APCP,APCP,300,1000,12
12/22/2040,2040,Leo Rockett,Saturn 18,895941,"$89,594 ","4321 Summit Ave, Bellingham, WA 98225",Leo Rockett,12/22/2040,Dick's Drive-In,APCP,APCP,300,1000,12
12/25/2040,2040,Atlas Ryder,Saturn 18,1320941,"$52,838 ","1357 Rainier Rd, Kirkland, WA 98033",Atlas Ryder,12/25/2040,Pagliacci Pizza,APCP,APCP,300,1000,12
12/26/2040,2040,Jet Falconer,Saturn 18,1313927,"$52,557 ","6789 Maple Drive, Olympia, WA 98501",Jet Falconer,12/26/2040,U.S. Department of Defense,APCP,APCP,300,1000,12
12/30/2040,2040,Chase Armstrong,Saturn 18,1303739,"$78,224 ","1234 Evergreen Way, Seattle, WA 98101",Debbie Armstrong,12/30/2040,Armstrong Industrial,APCP,APCP,300,1000,12
12/31/2040,2040,Chase Armstrong,Saturn 18,1389129,"$83,348 ","1234 Evergreen Way, Seattle, WA 98101",Debbie Armstrong,12/31/2040,Armstrong Industrial,APCP,APCP,300,1000,12
1/4/2041,2041,Stella Ignis,Saturn 18,1266979,"$50,679 ","2345 Alder Lane, Redmond, WA 98052",Stella Ignis,1/4/2041,Sound Transit,APCP,APCP,300,1000,12
1/8/2041,2041,Leo Rockett,Saturn 18,871545,"$87,155 ","4321 Summit Ave, Bellingham, WA 98225",Leo Rockett,1/8/2041,Amazon,APCP,APCP,300,1000,12
1/12/2041,2041,Chase Armstrong,Saturn 18,1409782,"$84,587 ","1234 Evergreen Way, Seattle, WA 98101",Debbie Armstrong,1/12/2041,Armstrong Industrial,APCP,APCP,300,1000,12
1/14/2041,2041,Vega Zenith,Saturn 18,1363709,"$54,548 ","2468 Cedar St, Everett, WA 98201",Vega Zenith,1/14/2041,Amazon,APCP,APCP,300,1000,12
1/17/2041,2041,Leo Rockett,Saturn 18,811807,"$81,181 ","4321 Summit Ave, Bellingham, WA 98225",Leo Rockett,1/17/2041,Sound Transit,APCP,APCP,300,1000,12
1/20/2041,2041,Atlas Ryder,Saturn 18,1337484,"$53,499 ","1357 Rainier Rd, Kirkland, WA 98033",Atlas Ryder,1/20/2041,Sound Transit,APCP,APCP,300,1000,12
1/21/2041,2041,Chase Armstrong,Saturn 18,1426031,"$85,562 ","1234 Evergreen Way, Seattle, WA 98101",Debbie Armstrong,1/21/2041,Armstrong Industrial,APCP,APCP,300,1000,12
1/22/2041,2041,Orion Blaze,Saturn 18,1342636,"$40,279 ","4567 Cascade Ave, Tacoma, WA 98402",Orion Blaze,1/22/2041,U.S. Department of Defense,APCP,APCP,300,1000,12
1/24/2041,2041,Leo Rockett,Saturn 18,921145,"$92,115 ","4321 Summit Ave, Bellingham, WA 98225",Leo Rockett,1/24/2041,U.S. Department of Defense,APCP,APCP,300,1000,12
1/25/2041,2041,Chase Armstrong,Saturn 18,1436685,"$86,201 ","1234 Evergreen Way, Seattle, WA 98101",Debbie Armstrong,1/25/2041,Armstrong Industrial,APCP,APCP,300,1000,12
1/27/2041,2041,Chase Armstrong,Saturn 18,1402795,"$84,168 ","1234 Evergreen Way, Seattle, WA 98101",Debbie Armstrong,1/27/2041,Armstrong Industrial,APCP,APCP,300,1000,12
1/29/2041,2041,Leo Rockett,Saturn 18,925255,"$92,526 ","4321 Summit Ave, Bellingham, WA 98225",Leo Rockett,1/29/2041,Sound Transit,APCP,APCP,300,1000,12
2/2/2041,2041,Cassio Skyler,Saturn 18,1243822,"$49,753 ","5678 Ridgeview Terrace, Renton, WA 98055",Cassio Skyler,2/2/2041,Sound Transit,APCP,APCP,300,1000,12
2/6/2041,2041,Cassio Skyler,Saturn 18,1248943,"$49,958 ","5678 Ridgeview Terrace, Renton, WA 98055",Cassio Skyler,2/6/2041,Dick's Drive-In,APCP,APCP,300,1000,12
2/10/2041,2041,Leo Rockett,Saturn 18,885530,"$88,553 ","4321 Summit Ave, Bellingham, WA 98225",Leo Rockett,2/10/2041,Sound Transit,APCP,APCP,300,1000,12
2/12/2041,2041,Leo Rockett,Saturn 18,895972,"$89,597 ","4321 Summit Ave, Bellingham, WA 98225",Leo Rockett,2/12/2041,Dick's Drive-In,APCP,APCP,300,1000,12
2/16/2041,2041,Chase Armstrong,Saturn 18,1371497,"$82,290 ","1234 Evergreen Way, Seattle, WA 98101",Debbie Armstrong,2/16/2041,Armstrong Industrial,APCP,APCP,300,1000,12
2/20/2041,2041,Vega Zenith,Saturn 18,1288930,"$51,557 ","2468 Cedar St, Everett, WA 98201",Vega Zenith,2/20/2041,Pagliacci Pizza,APCP,APCP,300,1000,12
2/22/2041,2041,Leo Rockett,Saturn 18,878942,"$87,894 ","4321 Summit Ave, Bellingham, WA 98225",Leo Rockett,2/22/2041,U.S. Department of Defense,APCP,APCP,300,1000,12
2/24/2041,2041,Leo Rockett,Saturn 18,885922,"$88,592 ","4321 Summit Ave, Bellingham, WA 98225",Leo Rockett,2/24/2041,Sound Transit,APCP,APCP,300,1000,12
2/25/2041,2041,Leo Rockett,Saturn 18,792139,"$79,214 ","4321 Summit Ave, Bellingham, WA 98225",Leo Rockett,2/25/2041,Sound Transit,APCP,APCP,300,1000,12
2/27/2041,2041,Leo Rockett,Saturn 18,929216,"$92,922 ","4321 Summit Ave, Bellingham, WA 98225",Leo Rockett,2/27/2041,U.S. Department of Defense,APCP,APCP,300,1000,12
3/1/2041,2041,Cassio Skyler,Saturn 18,1308181,"$52,327 ","5678 Ridgeview Terrace, Renton, WA 98055",Cassio Skyler,3/1/2041,U.S. Department of Defense,APCP,APCP,300,1000,12
3/3/2041,2041,Leo Rockett,Saturn 18,875249,"$87,525 ","4321 Summit Ave, Bellingham, WA 98225",Leo Rockett,3/3/2041,Amazon,APCP,APCP,300,1000,12
3/5/2041,2041,Chase Armstrong,Saturn 18,1353759,"$81,226 ","1234 Evergreen Way, Seattle, WA 98101",Debbie Armstrong,3/5/2041,Armstrong Industrial,APCP,APCP,300,1000,12
3/8/2041,2041,Nova Kepler,Saturn 18,1425110,"$57,004 ","987 Pinecrest Blvd, Bellevue, WA 98004",Nova Kepler,3/8/2041,Dick's Drive-In,APCP,APCP,300,1000,12
3/9/2041,2041,Nova Kepler,Saturn 18,1344642,"$53,786 ","987 Pinecrest Blvd, Bellevue, WA 98004",Nova Kepler,3/9/2041,Dick's Drive-In,APCP,APCP,300,1000,12
3/11/2041,2041,Luna Vector,Saturn 18,1312591,"$65,630 ","7890 Harbor St, Spokane, WA 99201",Luna Vector,3/11/2041,Dick's Drive-In,APCP,APCP,300,1000,12
3/13/2041,2041,Nova Kepler,Saturn 18,1365778,"$54,631 ","987 Pinecrest Blvd, Bellevue, WA 98004",Nova Kepler,3/13/2041,U.S. Department of Defense,APCP,APCP,300,1000,12
3/15/2041,2041,Chase Armstrong,Saturn 18,1322128,"$79,328 ","1234 Evergreen Way, Seattle, WA 98101",Debbie Armstrong,3/15/2041,Armstrong Industrial,APCP,APCP,300,1000,12
3/17/2041,2041,Cassio Skyler,Saturn 18,1277274,"$51,091 ","5678 Ridgeview Terrace, Renton, WA 98055",Cassio Skyler,3/17/2041,Dick's Drive-In,APCP,APCP,300,1000,12
3/18/2041,2041,Leo Rockett,Saturn 18,849149,"$84,915 ","4321 Summit Ave, Bellingham, WA 98225",Leo Rockett,3/18/2041,Dick's Drive-In,APCP,APCP,300,1000,12
3/19/2041,2041,Chase Armstrong,Saturn 18,1326905,"$79,614 ","1234 Evergreen Way, Seattle, WA 98101",Debbie Armstrong,3/19/2041,Armstrong Industrial,APCP,APCP,300,1000,12
3/22/2041,2041,Chase Armstrong,Saturn 18,1316873,"$79,012 ","1234 Evergreen Way, Seattle, WA 98101",Debbie Armstrong,3/22/2041,Armstrong Industrial,APCP,APCP,300,1000,12
3/24/2041,2041,Cassio Skyler,Saturn 18,1271832,"$50,873 ","5678 Ridgeview Terrace, Renton, WA 98055",Cassio Skyler,3/24/2041,Pagliacci Pizza,APCP,APCP,300,1000,12
3/27/2041,2041,Jet Falconer,Saturn 18,1345668,"$53,827 ","6789 Maple Drive, Olympia, WA 98501",Jet Falconer,3/27/2041,U.S. Department of Defense,APCP,APCP,300,1000,12
3/28/2041,2041,Leo Rockett,Saturn 18,832615,"$83,262 ","4321 Summit Ave, Bellingham, WA 98225",Leo Rockett,3/28/2041,Dick's Drive-In,APCP,APCP,300,1000,12
3/30/2041,2041,Leo Rockett,Saturn 18,878099,"$87,810 ","4321 Summit Ave, Bellingham, WA 98225",Leo Rockett,3/30/2041,Amazon,APCP,APCP,300,1000,12
3/31/2041,2041,Leo Rockett,Saturn 18,918305,"$91,831 ","4321 Summit Ave, Bellingham, WA 98225",Leo Rockett,3/31/2041,Armstrong Industrial,APCP,APCP,300,1000,12
4/2/2041,2041,Leo Rockett,Saturn 18,861215,"$86,122 ","4321 Summit Ave, Bellingham, WA 98225",Leo Rockett,4/2/2041,Sound Transit,APCP,APCP,300,1000,12
4/5/2041,2041,Leo Rockett,Saturn 18,838716,"$83,872 ","4321 Summit Ave, Bellingham, WA 98225",Leo Rockett,4/5/2041,Sound Transit,APCP,APCP,300,1000,12
4/7/2041,2041,Leo Rockett,Saturn 18,882625,"$88,263 ","4321 Summit Ave, Bellingham, WA 98225",Leo Rockett,4/7/2041,U.S. Department of Defense,APCP,APCP,300,1000,12
4/8/2041,2041,Leo Rockett,Saturn 18,845124,"$84,512 ","4321 Summit Ave, Bellingham, WA 98225",Leo Rockett,4/8/2041,Sound Transit,APCP,APCP,300,1000,12
4/10/2041,2041,Chase Armstrong,Saturn 18,1365434,"$81,926 ","1234 Evergreen Way, Seattle, WA 98101",Debbie Armstrong,4/10/2041,Armstrong Industrial,APCP,APCP,300,1000,12
4/12/2041,2041,Luna Vector,Saturn 18,1309437,"$65,472 ","7890 Harbor St, Spokane, WA 99201",Luna Vector,4/12/2041,Dick's Drive-In,APCP,APCP,300,1000,12
4/14/2041,2041,Nova Kepler,Saturn 18,1432265,"$57,291 ","987 Pinecrest Blvd, Bellevue, WA 98004",Nova Kepler,4/14/2041,U.S. Department of Defense,APCP,APCP,300,1000,12
4/18/2041,2041,Chase Armstrong,Saturn 18,1403747,"$84,225 ","1234 Evergreen Way, Seattle, WA 98101",Debbie Armstrong,4/18/2041,Armstrong Industrial,APCP,APCP,300,1000,12
4/26/2041,2041,Atlas Ryder,Saturn 18,1244620,"$49,785 ","1357 Rainier Rd, Kirkland, WA 98033",Atlas Ryder,4/26/2041,Boeing,APCP,APCP,300,1000,12
4/27/2041,2041,Vega Zenith,Saturn 18,1308577,"$52,343 ","2468 Cedar St, Everett, WA 98201",Vega Zenith,4/27/2041,Dick's Drive-In,APCP,APCP,300,1000,12
4/29/2041,2041,Nova Kepler,Saturn 18,1395665,"$55,827 ","987 Pinecrest Blvd, Bellevue, WA 98004",Nova Kepler,4/29/2041,Dick's Drive-In,APCP,APCP,300,1000,12
5/2/2041,2041,Leo Rockett,Saturn 18,873309,"$87,331 ","4321 Summit Ave, Bellingham, WA 98225",Leo Rockett,5/2/2041,Pagliacci Pizza,APCP,APCP,300,1000,12
5/8/2041,2041,Leo Rockett,Saturn 18,836417,"$83,642 ","4321 Summit Ave, Bellingham, WA 98225",Leo Rockett,5/8/2041,Pagliacci Pizza,APCP,APCP,300,1000,12
5/11/2041,2041,Leo Rockett,Saturn 18,798451,"$79,845 ","4321 Summit Ave, Bellingham, WA 98225",Leo Rockett,5/11/2041,Sound Transit,APCP,APCP,300,1000,12
5/14/2041,2041,Leo Rockett,Saturn 18,848501,"$84,850 ","4321 Summit Ave, Bellingham, WA 98225",Leo Rockett,5/14/2041,U.S. Department of Defense,APCP,APCP,300,1000,12
5/18/2041,2041,Chase Armstrong,Saturn 18,1309663,"$78,580 ","1234 Evergreen Way, Seattle, WA 98101",Debbie Armstrong,5/18/2041,Armstrong Industrial,APCP,APCP,300,1000,12
5/22/2041,2041,Nova Kepler,Saturn 18,1342872,"$53,715 ","987 Pinecrest Blvd, Bellevue, WA 98004",Nova Kepler,5/22/2041,Armstrong Industrial,APCP,APCP,300,1000,12
5/26/2041,2041,Chase Armstrong,Saturn 18,1389177,"$83,351 ","1234 Evergreen Way, Seattle, WA 98101",Debbie Armstrong,5/26/2041,Armstrong Industrial,APCP,APCP,300,1000,12
5/28/2041,2041,Leo Rockett,Saturn 18,932436,"$93,244 ","4321 Summit Ave, Bellingham, WA 98225",Leo Rockett,5/28/2041,Dick's Drive-In,APCP,APCP,300,1000,12
5/30/2041,2041,Vega Zenith,Saturn 18,1236686,"$49,467 ","2468 Cedar St, Everett, WA 98201",Vega Zenith,5/30/2041,Dick's Drive-In,APCP,APCP,300,1000,12
6/1/2041,2041,Chase Armstrong,Saturn 18,1319949,"$79,197 ","1234 Evergreen Way, Seattle, WA 98101",Debbie Armstrong,6/1/2041,Armstrong Industrial,APCP,APCP,300,1000,12
6/3/2041,2041,Cassio Skyler,Saturn 18,1279247,"$51,170 ","5678 Ridgeview Terrace, Renton, WA 98055",Cassio Skyler,6/3/2041,Dick's Drive-In,APCP,APCP,300,1000,12
6/7/2041,2041,Leo Rockett,Saturn 18,879866,"$87,987 ","4321 Summit Ave, Bellingham, WA 98225",Leo Rockett,6/7/2041,Pagliacci Pizza,APCP,APCP,300,1000,12
6/11/2041,2041,Chase Armstrong,Saturn 18,1415690,"$84,941 ","1234 Evergreen Way, Seattle, WA 98101",Debbie Armstrong,6/11/2041,Armstrong Industrial,APCP,APCP,300,1000,12
6/14/2041,2041,Vega Zenith,Saturn 18,1320680,"$52,827 ","2468 Cedar St, Everett, WA 98201",Vega Zenith,6/14/2041,Boeing,APCP,APCP,300,1000,12
6/18/2041,2041,Cassio Skyler,Saturn 18,1291684,"$51,667 ","5678 Ridgeview Terrace, Renton, WA 98055",Cassio Skyler,6/18/2041,U.S. Department of Defense,APCP,APCP,300,1000,12
6/19/2041,2041,Vega Zenith,Saturn 18,1284440,"$51,378 ","2468 Cedar St, Everett, WA 98201",Vega Zenith,6/19/2041,U.S. Department of Defense,APCP,APCP,300,1000,12
6/23/2041,2041,Leo Rockett,Saturn 18,803781,"$80,378 ","4321 Summit Ave, Bellingham, WA 98225",Leo Rockett,6/23/2041,Pagliacci Pizza,APCP,APCP,300,1000,12
6/27/2041,2041,Vega Zenith,Saturn 18,1321198,"$52,848 ","2468 Cedar St, Everett, WA 98201",Vega Zenith,6/27/2041,Dick's Drive-In,APCP,APCP,300,1000,12
6/30/2041,2041,Chase Armstrong,Saturn 18,1350696,"$81,042 ","1234 Evergreen Way, Seattle, WA 98101",Debbie Armstrong,6/30/2041,Armstrong Industrial,APCP,APCP,300,1000,12
7/1/2041,2041,Chase Armstrong,Saturn 18,1415553,"$84,933 ","1234 Evergreen Way, Seattle, WA 98101",Debbie Armstrong,7/1/2041,Armstrong Industrial,APCP,APCP,300,1000,12
7/3/2041,2041,Leo Rockett,Saturn 18,895735,"$89,574 ","4321 Summit Ave, Bellingham, WA 98225",Leo Rockett,7/3/2041,U.S. Department of Defense,APCP,APCP,300,1000,12
7/7/2041,2041,Atlas Ryder,Saturn 18,1319060,"$52,762 ","1357 Rainier Rd, Kirkland, WA 98033",Atlas Ryder,7/7/2041,Dick's Drive-In,APCP,APCP,300,1000,12
7/10/2041,2041,Leo Rockett,Saturn 18,890568,"$89,057 ","4321 Summit Ave, Bellingham, WA 98225",Leo Rockett,7/10/2041,Dick's Drive-In,APCP,APCP,300,1000,12
7/13/2041,2041,Chase Armstrong,Saturn 18,1361991,"$81,719 ","1234 Evergreen Way, Seattle, WA 98101",Debbie Armstrong,7/13/2041,Armstrong Industrial,APCP,APCP,300,1000,12
7/16/2041,2041,Stella Ignis,Saturn 18,1353132,"$54,125 ","2345 Alder Lane, Redmond, WA 98052",Stella Ignis,7/16/2041,Dick's Drive-In,APCP,APCP,300,1000,12
7/20/2041,2041,Leo Rockett,Saturn 18,915525,"$91,553 ","4321 Summit Ave, Bellingham, WA 98225",Leo Rockett,7/20/2041,U.S. Department of Defense,APCP,APCP,300,1000,12
7/23/2041,2041,Leo Rockett,Saturn 18,804695,"$80,470 ","4321 Summit Ave, Bellingham, WA 98225",Leo Rockett,7/23/2041,U.S. Department of Defense,APCP,APCP,300,1000,12
7/24/2041,2041,Leo Rockett,Saturn 18,931757,"$93,176 ","4321 Summit Ave, Bellingham, WA 98225",Leo Rockett,7/24/2041,U.S. Department of Defense,APCP,APCP,300,1000,12
7/28/2041,2041,Cassio Skyler,Saturn 18,1328183,"$53,127 ","5678 Ridgeview Terrace, Renton, WA 98055",Cassio Skyler,7/28/2041,Dick's Drive-In,APCP,APCP,300,1000,12
7/31/2041,2041,Nova Kepler,Saturn 18,1380590,"$55,224 ","987 Pinecrest Blvd, Bellevue, WA 98004",Nova Kepler,7/31/2041,Dick's Drive-In,APCP,APCP,300,1000,12
8/1/2041,2041,Leo Rockett,Saturn 18,864483,"$86,448 ","4321 Summit Ave, Bellingham, WA 98225",Leo Rockett,8/1/2041,U.S. Department of Defense,APCP,APCP,300,1000,12
8/2/2041,2041,Chase Armstrong,Saturn 18,1312322,"$78,739 ","1234 Evergreen Way, Seattle, WA 98101",Debbie Armstrong,8/2/2041,Armstrong Industrial,APCP,APCP,300,1000,12
8/4/2041,2041,Chase Armstrong,Saturn 18,1382799,"$82,968 ","1234 Evergreen Way, Seattle, WA 98101",Debbie Armstrong,8/4/2041,Armstrong Industrial,APCP,APCP,300,1000,12
8/6/2041,2041,Chase Armstrong,Saturn 18,1423888,"$85,433 ","1234 Evergreen Way, Seattle, WA 98101",Debbie Armstrong,8/6/2041,Armstrong Industrial,APCP,APCP,300,1000,12
8/9/2041,2041,Vega Zenith,Saturn 18,1346614,"$53,865 ","2468 Cedar St, Everett, WA 98201",Vega Zenith,8/9/2041,Dick's Drive-In,APCP,APCP,300,1000,12
8/12/2041,2041,Atlas Ryder,Saturn 18,1235934,"$49,437 ","1357 Rainier Rd, Kirkland, WA 98033",Atlas Ryder,8/12/2041,Sound Transit,APCP,APCP,300,1000,12
8/16/2041,2041,Chase Armstrong,Saturn 18,1347123,"$80,827 ","1234 Evergreen Way, Seattle, WA 98101",Debbie Armstrong,8/16/2041,Armstrong Industrial,APCP,APCP,300,1000,12
8/19/2041,2041,Atlas Ryder,Saturn 18,1325863,"$53,035 ","1357 Rainier Rd, Kirkland, WA 98033",Atlas Ryder,8/19/2041,Amazon,APCP,APCP,300,1000,12
8/21/2041,2041,Cassio Skyler,Saturn 18,1332072,"$53,283 ","5678 Ridgeview Terrace, Renton, WA 98055",Cassio Skyler,8/21/2041,Pagliacci Pizza,APCP,APCP,300,1000,12
8/22/2041,2041,Chase Armstrong,Saturn 18,1375285,"$82,517 ","1234 Evergreen Way, Seattle, WA 98101",Debbie Armstrong,8/22/2041,Armstrong Industrial,APCP,APCP,300,1000,12
8/25/2041,2041,Chase Armstrong,Saturn 18,1386853,"$83,211 ","1234 Evergreen Way, Seattle, WA 98101",Debbie Armstrong,8/25/2041,Armstrong Industrial,APCP,APCP,300,1000,12
8/30/2041,2041,Vega Zenith,Saturn 18,1294336,"$51,773 ","2468 Cedar St, Everett, WA 98201",Vega Zenith,8/30/2041,Dick's Drive-In,APCP,APCP,300,1000,12
9/3/2041,2041,Leo Rockett,Saturn 18,862423,"$86,242 ","4321 Summit Ave, Bellingham, WA 98225",Leo Rockett,9/3/2041,Armstrong Industrial,APCP,APCP,300,1000,12
9/4/2041,2041,Vega Zenith,Saturn 18,1332158,"$53,286 ","2468 Cedar St, Everett, WA 98201",Vega Zenith,9/4/2041,Dick's Drive-In,APCP,APCP,300,1000,12
9/6/2041,2041,Nova Kepler,Saturn 18,1436815,"$57,473 ","987 Pinecrest Blvd, Bellevue, WA 98004",Nova Kepler,9/6/2041,Dick's Drive-In,APCP,APCP,300,1000,12
9/10/2041,2041,Chase Armstrong,Saturn 18,1400967,"$84,058 ","1234 Evergreen Way, Seattle, WA 98101",Debbie Armstrong,9/10/2041,Armstrong Industrial,APCP,APCP,300,1000,12
9/13/2041,2041,Leo Rockett,Saturn 18,805016,"$80,502 ","4321 Summit Ave, Bellingham, WA 98225",Leo Rockett,9/13/2041,U.S. Department of Defense,APCP,APCP,300,1000,12
9/17/2041,2041,Chase Armstrong,Saturn 18,1372427,"$82,346 ","1234 Evergreen Way, Seattle, WA 98101",Debbie Armstrong,9/17/2041,Armstrong Industrial,APCP,APCP,300,1000,12
9/21/2041,2041,Cassio Skyler,Saturn 18,1353086,"$54,123 ","5678 Ridgeview Terrace, Renton, WA 98055",Cassio Skyler,9/21/2041,Dick's Drive-In,APCP,APCP,300,1000,12
9/23/2041,2041,Leo Rockett,Saturn 18,912465,"$91,247 ","4321 Summit Ave, Bellingham, WA 98225",Leo Rockett,9/23/2041,Armstrong Industrial,APCP,APCP,300,1000,12
9/24/2041,2041,Chase Armstrong,Saturn 18,1398421,"$83,905 ","1234 Evergreen Way, Seattle, WA 98101",Debbie Armstrong,9/24/2041,Armstrong Industrial,APCP,APCP,300,1000,12
9/26/2041,2041,Atlas Ryder,Saturn 18,1279204,"$51,168 ","1357 Rainier Rd, Kirkland, WA 98033",Atlas Ryder,9/26/2041,Armstrong Industrial,APCP,APCP,300,1000,12
9/29/2041,2041,Vega Zenith,Saturn 18,1272295,"$50,892 ","2468 Cedar St, Everett, WA 98201",Vega Zenith,9/29/2041,U.S. Department of Defense,APCP,APCP,300,1000,12
9/30/2041,2041,Luna Vector,Saturn 18,1312411,"$65,621 ","7890 Harbor St, Spokane, WA 99201",Luna Vector,9/30/2041,Armstrong Industrial,APCP,APCP,300,1000,12
10/2/2041,2041,Leo Rockett,Saturn 18,933150,"$93,315 ","4321 Summit Ave, Bellingham, WA 98225",Leo Rockett,10/2/2041,Sound Transit,APCP,APCP,300,1000,12
10/5/2041,2041,Atlas Ryder,Saturn 18,1331337,"$53,253 ","1357 Rainier Rd, Kirkland, WA 98033",Atlas Ryder,10/5/2041,Dick's Drive-In,APCP,APCP,300,1000,12
10/8/2041,2041,Atlas Ryder,Saturn 18,1240512,"$49,620 ","1357 Rainier Rd, Kirkland, WA 98033",Atlas Ryder,10/8/2041,Pagliacci Pizza,APCP,APCP,300,1000,12
10/10/2041,2041,Atlas Ryder,Saturn 18,1330614,"$53,225 ","1357 Rainier Rd, Kirkland, WA 98033",Atlas Ryder,10/10/2041,Boeing,APCP,APCP,300,1000,12
10/14/2041,2041,Chase Armstrong,Saturn 18,1366693,"$82,002 ","1234 Evergreen Way, Seattle, WA 98101",Debbie Armstrong,10/14/2041,Armstrong Industrial,APCP,APCP,300,1000,12
10/18/2041,2041,Chase Armstrong,Saturn 18,1326107,"$79,566 ","1234 Evergreen Way, Seattle, WA 98101",Debbie Armstrong,10/18/2041,Armstrong Industrial,APCP,APCP,300,1000,12
10/21/2041,2041,Leo Rockett,Saturn 18,835000,"$83,500 ","4321 Summit Ave, Bellingham, WA 98225",Leo Rockett,10/21/2041,U.S. Department of Defense,APCP,APCP,300,1000,12
10/25/2041,2041,Leo Rockett,Saturn 18,890626,"$89,063 ","4321 Summit Ave, Bellingham, WA 98225",Leo Rockett,10/25/2041,Dick's Drive-In,APCP,APCP,300,1000,12
10/27/2041,2041,Orion Blaze,Saturn 18,1424010,"$42,720 ","4567 Cascade Ave, Tacoma, WA 98402",Orion Blaze,10/27/2041,Dick's Drive-In,APCP,APCP,300,1000,12
10/29/2041,2041,Nova Kepler,Saturn 18,1328920,"$53,157 ","987 Pinecrest Blvd, Bellevue, WA 98004",Nova Kepler,10/29/2041,Sound Transit,APCP,APCP,300,1000,12
10/31/2041,2041,Leo Rockett,Saturn 18,863339,"$86,334 ","4321 Summit Ave, Bellingham, WA 98225",Leo Rockett,10/31/2041,Dick's Drive-In,APCP,APCP,300,1000,12
11/1/2041,2041,Atlas Ryder,Saturn 18,1298015,"$51,921 ","1357 Rainier Rd, Kirkland, WA 98033",Atlas Ryder,11/1/2041,Boeing,APCP,APCP,300,1000,12
11/4/2041,2041,Luna Vector,Saturn 18,1230770,"$61,539 ","7890 Harbor St, Spokane, WA 99201",Luna Vector,11/4/2041,Dick's Drive-In,APCP,APCP,300,1000,12
11/6/2041,2041,Chase Armstrong,Saturn 18,1429622,"$85,777 ","1234 Evergreen Way, Seattle, WA 98101",Debbie Armstrong,11/6/2041,Armstrong Industrial,APCP,APCP,300,1000,12
11/7/2041,2041,Leo Rockett,Saturn 18,793795,"$79,380 ","4321 Summit Ave, Bellingham, WA 98225",Leo Rockett,11/7/2041,Dick's Drive-In,APCP,APCP,300,1000,12
11/11/2041,2041,Vega Zenith,Saturn 18,1330826,"$53,233 ","2468 Cedar St, Everett, WA 98201",Vega Zenith,11/11/2041,Sound Transit,APCP,APCP,300,1000,12
11/12/2041,2041,Leo Rockett,Saturn 18,861466,"$86,147 ","4321 Summit Ave, Bellingham, WA 98225",Leo Rockett,11/12/2041,U.S. Department of Defense,APCP,APCP,300,1000,12
11/13/2041,2041,Orion Blaze,Saturn 18,1397904,"$41,937 ","4567 Cascade Ave, Tacoma, WA 98402",Orion Blaze,11/13/2041,Pagliacci Pizza,APCP,APCP,300,1000,12
11/17/2041,2041,Vega Zenith,Saturn 18,1275027,"$51,001 ","2468 Cedar St, Everett, WA 98201",Vega Zenith,11/17/2041,Dick's Drive-In,APCP,APCP,300,1000,12
11/18/2041,2041,Leo Rockett,Saturn 18,872436,"$87,244 ","4321 Summit Ave, Bellingham, WA 98225",Leo Rockett,11/18/2041,U.S. Department of Defense,APCP,APCP,300,1000,12
11/20/2041,2041,Leo Rockett,Saturn 18,810444,"$81,044 ","4321 Summit Ave, Bellingham, WA 98225",Leo Rockett,11/20/2041,Dick's Drive-In,APCP,APCP,300,1000,12
11/24/2041,2041,Atlas Ryder,Saturn 18,1344313,"$53,773 ","1357 Rainier Rd, Kirkland, WA 98033",Atlas Ryder,11/24/2041,Sound Transit,APCP,APCP,300,1000,12
11/28/2041,2041,Vega Zenith,Saturn 18,1238445,"$49,538 ","2468 Cedar St, Everett, WA 98201",Vega Zenith,11/28/2041,Dick's Drive-In,APCP,APCP,300,1000,12
12/2/2041,2041,Atlas Ryder,Saturn 18,1334977,"$53,399 ","1357 Rainier Rd, Kirkland, WA 98033",Atlas Ryder,12/2/2041,Boeing,APCP,APCP,300,1000,12
12/5/2041,2041,Nova Kepler,Saturn 18,1425544,"$57,022 ","987 Pinecrest Blvd, Bellevue, WA 98004",Nova Kepler,12/5/2041,Pagliacci Pizza,APCP,APCP,300,1000,12
12/7/2041,2041,Leo Rockett,Saturn 18,828090,"$82,809 ","4321 Summit Ave, Bellingham, WA 98225",Leo Rockett,12/7/2041,U.S. Department of Defense,APCP,APCP,300,1000,12
12/8/2041,2041,Jet Falconer,Saturn 18,1260965,"$50,439 ","6789 Maple Drive, Olympia, WA 98501",Jet Falconer,12/8/2041,U.S. Department of Defense,APCP,APCP,300,1000,12
12/11/2041,2041,Leo Rockett,Saturn 18,906313,"$90,631 ","4321 Summit Ave, Bellingham, WA 98225",Leo Rockett,12/11/2041,Amazon,APCP,APCP,300,1000,12
12/13/2041,2041,Chase Armstrong,Saturn 18,1360017,"$81,601 ","1234 Evergreen Way, Seattle, WA 98101",Debbie Armstrong,12/13/2041,Armstrong Industrial,APCP,APCP,300,1000,12
12/16/2041,2041,Nova Kepler,Saturn 18,1301846,"$52,074 ","987 Pinecrest Blvd, Bellevue, WA 98004",Nova Kepler,12/16/2041,Dick's Drive-In,APCP,APCP,300,1000,12
12/20/2041,2041,Leo Rockett,Saturn 18,895321,"$89,532 ","4321 Summit Ave, Bellingham, WA 98225",Leo Rockett,12/20/2041,Amazon,APCP,APCP,300,1000,12
12/24/2041,2041,Leo Rockett,Saturn 18,821782,"$82,178 ","4321 Summit Ave, Bellingham, WA 98225",Leo Rockett,12/24/2041,Sound Transit,APCP,APCP,300,1000,12
12/26/2041,2041,Chase Armstrong,Saturn 18,1313585,"$78,815 ","1234 Evergreen Way, Seattle, WA 98101",Debbie Armstrong,12/26/2041,Armstrong Industrial,APCP,APCP,300,1000,12
12/27/2041,2041,Leo Rockett,Saturn 18,879485,"$87,949 ","4321 Summit Ave, Bellingham, WA 98225",Leo Rockett,12/27/2041,Dick's Drive-In,APCP,APCP,300,1000,12
12/30/2041,2041,Cassio Skyler,Saturn 18,1338796,"$53,552 ","5678 Ridgeview Terrace, Renton, WA 98055",Cassio Skyler,12/30/2041,Boeing,APCP,APCP,300,1000,12
1/3/2042,2042,Leo Rockett,Saturn 18,908205,"$90,821 ","4321 Summit Ave, Bellingham, WA 98225",Leo Rockett,1/3/2042,Amazon,APCP,APCP,300,1000,12
1/7/2042,2042,Leo Rockett,Saturn 18,918826,"$91,883 ","4321 Summit Ave, Bellingham, WA 98225",Leo Rockett,1/7/2042,U.S. Department of Defense,APCP,APCP,300,1000,12
1/9/2042,2042,Leo Rockett,Saturn 18,828079,"$82,808 ","4321 Summit Ave, Bellingham, WA 98225",Leo Rockett,1/9/2042,U.S. Department of Defense,APCP,APCP,300,1000,12
1/13/2042,2042,Chase Armstrong,Saturn 18,1428618,"$85,717 ","1234 Evergreen Way, Seattle, WA 98101",Debbie Armstrong,1/13/2042,Armstrong Industrial,APCP,APCP,300,1000,12
1/15/2042,2042,Nova Kepler,Saturn 18,1301371,"$52,055 ","987 Pinecrest Blvd, Bellevue, WA 98004",Nova Kepler,1/15/2042,U.S. Department of Defense,APCP,APCP,300,1000,12
1/18/2042,2042,Vega Zenith,Saturn 18,1233625,"$49,345 ","2468 Cedar St, Everett, WA 98201",Vega Zenith,1/18/2042,Sound Transit,APCP,APCP,300,1000,12
1/20/2042,2042,Atlas Ryder,Saturn 18,1264307,"$50,572 ","1357 Rainier Rd, Kirkland, WA 98033",Atlas Ryder,1/20/2042,Sound Transit,APCP,APCP,300,1000,12
1/23/2042,2042,Chase Armstrong,Saturn 18,1363245,"$81,795 ","1234 Evergreen Way, Seattle, WA 98101",Debbie Armstrong,1/23/2042,Armstrong Industrial,APCP,APCP,300,1000,12
1/25/2042,2042,Leo Rockett,Saturn 18,894563,"$89,456 ","4321 Summit Ave, Bellingham, WA 98225",Leo Rockett,1/25/2042,Armstrong Industrial,APCP,APCP,300,1000,12
1/26/2042,2042,Leo Rockett,Saturn 18,820448,"$82,045 ","4321 Summit Ave, Bellingham, WA 98225",Leo Rockett,1/26/2042,Sound Transit,APCP,APCP,300,1000,12
1/30/2042,2042,Leo Rockett,Saturn 18,922866,"$92,287 ","4321 Summit Ave, Bellingham, WA 98225",Leo Rockett,1/30/2042,Pagliacci Pizza,APCP,APCP,300,1000,12
1/31/2042,2042,Leo Rockett,Saturn 18,869922,"$86,992 ","4321 Summit Ave, Bellingham, WA 98225",Leo Rockett,1/31/2042,Sound Transit,APCP,APCP,300,1000,12
2/4/2042,2042,Nova Kepler,Saturn 18,1321740,"$52,870 ","987 Pinecrest Blvd, Bellevue, WA 98004",Nova Kepler,2/4/2042,Dick's Drive-In,APCP,APCP,300,1000,12
2/8/2042,2042,Leo Rockett,Saturn 18,826925,"$82,693 ","4321 Summit Ave, Bellingham, WA 98225",Leo Rockett,2/8/2042,Dick's Drive-In,APCP,APCP,300,1000,12
2/12/2042,2042,Chase Armstrong,Saturn 18,1353255,"$81,195 ","1234 Evergreen Way, Seattle, WA 98101",Debbie Armstrong,2/12/2042,Armstrong Industrial,APCP,APCP,300,1000,12
2/16/2042,2042,Chase Armstrong,Saturn 18,1376036,"$82,562 ","1234 Evergreen Way, Seattle, WA 98101",Debbie Armstrong,2/16/2042,Armstrong Industrial,APCP,APCP,300,1000,12
2/20/2042,2042,Leo Rockett,Saturn 18,911852,"$91,185 ","4321 Summit Ave, Bellingham, WA 98225",Leo Rockett,2/20/2042,Sound Transit,APCP,APCP,300,1000,12
2/24/2042,2042,Leo Rockett,Saturn 18,820816,"$82,082 ","4321 Summit Ave, Bellingham, WA 98225",Leo Rockett,2/24/2042,Sound Transit,APCP,APCP,300,1000,12
2/26/2042,2042,Leo Rockett,Saturn 18,867472,"$86,747 ","4321 Summit Ave, Bellingham, WA 98225",Leo Rockett,2/26/2042,Dick's Drive-In,APCP,APCP,300,1000,12
3/1/2042,2042,Stella Ignis,Saturn 18,1248200,"$49,928 ","2345 Alder Lane, Redmond, WA 98052",Stella Ignis,3/1/2042,Boeing,APCP,APCP,300,1000,12
3/3/2042,2042,Vega Zenith,Saturn 18,1312896,"$52,516 ","2468 Cedar St, Everett, WA 98201",Vega Zenith,3/3/2042,Armstrong Industrial,APCP,APCP,300,1000,12
3/4/2042,2042,Leo Rockett,Saturn 18,839438,"$83,944 ","4321 Summit Ave, Bellingham, WA 98225",Leo Rockett,3/4/2042,Sound Transit,APCP,APCP,300,1000,12
3/5/2042,2042,Leo Rockett,Saturn 18,866164,"$86,616 ","4321 Summit Ave, Bellingham, WA 98225",Leo Rockett,3/5/2042,Amazon,APCP,APCP,300,1000,12
3/7/2042,2042,Stella Ignis,Saturn 18,1259431,"$50,377 ","2345 Alder Lane, Redmond, WA 98052",Stella Ignis,3/7/2042,Dick's Drive-In,APCP,APCP,300,1000,12
3/9/2042,2042,Leo Rockett,Saturn 18,895916,"$89,592 ","4321 Summit Ave, Bellingham, WA 98225",Leo Rockett,3/9/2042,Sound Transit,APCP,APCP,300,1000,12
3/13/2042,2042,Vega Zenith,Saturn 18,1281445,"$51,258 ","2468 Cedar St, Everett, WA 98201",Vega Zenith,3/13/2042,Pagliacci Pizza,APCP,APCP,300,1000,12
3/14/2042,2042,Leo Rockett,Saturn 18,832720,"$83,272 ","4321 Summit Ave, Bellingham, WA 98225",Leo Rockett,3/14/2042,Sound Transit,APCP,APCP,300,1000,12
3/16/2042,2042,Chase Armstrong,Saturn 18,1319312,"$79,159 ","1234 Evergreen Way, Seattle, WA 98101",Debbie Armstrong,3/16/2042,Armstrong Industrial,APCP,APCP,300,1000,12
3/17/2042,2042,Vega Zenith,Saturn 18,1250800,"$50,032 ","2468 Cedar St, Everett, WA 98201",Vega Zenith,3/17/2042,Sound Transit,APCP,APCP,300,1000,12
3/22/2042,2042,Chase Armstrong,Saturn 18,1368178,"$82,091 ","1234 Evergreen Way, Seattle, WA 98101",Debbie Armstrong,3/22/2042,Armstrong Industrial,APCP,APCP,300,1000,12
3/26/2042,2042,Leo Rockett,Saturn 18,822874,"$82,287 ","4321 Summit Ave, Bellingham, WA 98225",Leo Rockett,3/26/2042,Amazon,APCP,APCP,300,1000,12
3/30/2042,2042,Leo Rockett,Saturn 18,881843,"$88,184 ","4321 Summit Ave, Bellingham, WA 98225",Leo Rockett,3/30/2042,Sound Transit,APCP,APCP,300,1000,12
4/3/2042,2042,Atlas Ryder,Saturn 18,1335039,"$53,402 ","1357 Rainier Rd, Kirkland, WA 98033",Atlas Ryder,4/3/2042,Pagliacci Pizza,APCP,APCP,300,1000,12
4/8/2042,2042,Leo Rockett,Saturn 18,897967,"$89,797 ","4321 Summit Ave, Bellingham, WA 98225",Leo Rockett,4/8/2042,Boeing,APCP,APCP,300,1000,12
4/9/2042,2042,Vega Zenith,Saturn 18,1256621,"$50,265 ","2468 Cedar St, Everett, WA 98201",Vega Zenith,4/9/2042,Dick's Drive-In,APCP,APCP,300,1000,12
4/13/2042,2042,Leo Rockett,Saturn 18,801361,"$80,136 ","4321 Summit Ave, Bellingham, WA 98225",Leo Rockett,4/13/2042,Sound Transit,APCP,APCP,300,1000,12
4/17/2042,2042,Leo Rockett,Saturn 18,907209,"$90,721 ","4321 Summit Ave, Bellingham, WA 98225",Leo Rockett,4/17/2042,Dick's Drive-In,APCP,APCP,300,1000,12
4/18/2042,2042,Leo Rockett,Saturn 18,803451,"$80,345 ","4321 Summit Ave, Bellingham, WA 98225",Leo Rockett,4/18/2042,Sound Transit,APCP,APCP,300,1000,12
4/21/2042,2042,Leo Rockett,Saturn 18,879566,"$87,957 ","4321 Summit Ave, Bellingham, WA 98225",Leo Rockett,4/21/2042,Sound Transit,APCP,APCP,300,1000,12
4/25/2042,2042,Leo Rockett,Saturn 18,868364,"$86,836 ","4321 Summit Ave, Bellingham, WA 98225",Leo Rockett,4/25/2042,U.S. Department of Defense,APCP,APCP,300,1000,12
4/26/2042,2042,Leo Rockett,Saturn 18,899427,"$89,943 ","4321 Summit Ave, Bellingham, WA 98225",Leo Rockett,4/26/2042,Dick's Drive-In,APCP,APCP,300,1000,12
4/27/2042,2042,Leo Rockett,Saturn 18,794330,"$79,433 ","4321 Summit Ave, Bellingham, WA 98225",Leo Rockett,4/27/2042,U.S. Department of Defense,APCP,APCP,300,1000,12
5/1/2042,2042,Chase Armstrong,Saturn 18,1435819,"$86,149 ","1234 Evergreen Way, Seattle, WA 98101",Debbie Armstrong,5/1/2042,Armstrong Industrial,APCP,APCP,300,1000,12
5/4/2042,2042,Leo Rockett,Saturn 18,931474,"$93,147 ","4321 Summit Ave, Bellingham, WA 98225",Leo Rockett,5/4/2042,Sound Transit,APCP,APCP,300,1000,12
5/8/2042,2042,Leo Rockett,Saturn 18,805323,"$80,532 ","4321 Summit Ave, Bellingham, WA 98225",Leo Rockett,5/8/2042,U.S. Department of Defense,APCP,APCP,300,1000,12
5/10/2042,2042,Leo Rockett,Saturn 18,891333,"$89,133 ","4321 Summit Ave, Bellingham, WA 98225",Leo Rockett,5/10/2042,Pagliacci Pizza,APCP,APCP,300,1000,12
5/14/2042,2042,Leo Rockett,Saturn 18,876696,"$87,670 ","4321 Summit Ave, Bellingham, WA 98225",Leo Rockett,5/14/2042,Dick's Drive-In,APCP,APCP,300,1000,12
5/18/2042,2042,Chase Armstrong,Saturn 18,1363131,"$81,788 ","1234 Evergreen Way, Seattle, WA 98101",Debbie Armstrong,5/18/2042,Armstrong Industrial,APCP,APCP,300,1000,12
5/26/2042,2042,Leo Rockett,Saturn 18,796101,"$79,610 ","4321 Summit Ave, Bellingham, WA 98225",Leo Rockett,5/26/2042,U.S. Department of Defense,APCP,APCP,300,1000,12
5/29/2042,2042,Vega Zenith,Saturn 18,1307717,"$52,309 ","2468 Cedar St, Everett, WA 98201",Vega Zenith,5/29/2042,Dick's Drive-In,APCP,APCP,300,1000,12
6/2/2042,2042,Leo Rockett,Saturn 18,844633,"$84,463 ","4321 Summit Ave, Bellingham, WA 98225",Leo Rockett,6/2/2042,U.S. Department of Defense,APCP,APCP,300,1000,12
6/7/2042,2042,Atlas Ryder,Saturn 18,1343964,"$53,759 ","1357 Rainier Rd, Kirkland, WA 98033",Atlas Ryder,6/7/2042,Amazon,APCP,APCP,300,1000,12
6/8/2042,2042,Atlas Ryder,Saturn 18,1339075,"$53,563 ","1357 Rainier Rd, Kirkland, WA 98033",Atlas Ryder,6/8/2042,Pagliacci Pizza,APCP,APCP,300,1000,12
6/12/2042,2042,Chase Armstrong,Saturn 18,1345498,"$80,730 ","1234 Evergreen Way, Seattle, WA 98101",Debbie Armstrong,6/12/2042,Armstrong Industrial,APCP,APCP,300,1000,12
6/13/2042,2042,Vega Zenith,Saturn 18,1347588,"$53,904 ","2468 Cedar St, Everett, WA 98201",Vega Zenith,6/13/2042,Dick's Drive-In,APCP,APCP,300,1000,12
6/20/2042,2042,Orion Blaze,Saturn 18,1301175,"$39,035 ","4567 Cascade Ave, Tacoma, WA 98402",Orion Blaze,6/20/2042,Dick's Drive-In,APCP,APCP,300,1000,12
6/22/2042,2042,Vega Zenith,Saturn 18,1331743,"$53,270 ","2468 Cedar St, Everett, WA 98201",Vega Zenith,6/22/2042,Sound Transit,APCP,APCP,300,1000,12
6/25/2042,2042,Vega Zenith,Saturn 18,1263079,"$50,523 ","2468 Cedar St, Everett, WA 98201",Vega Zenith,6/25/2042,Sound Transit,APCP,APCP,300,1000,12
6/26/2042,2042,Leo Rockett,Saturn 18,928462,"$92,846 ","4321 Summit Ave, Bellingham, WA 98225",Leo Rockett,6/26/2042,Sound Transit,APCP,APCP,300,1000,12
6/28/2042,2042,Leo Rockett,Saturn 18,814868,"$81,487 ","4321 Summit Ave, Bellingham, WA 98225",Leo Rockett,6/28/2042,Boeing,APCP,APCP,300,1000,12
6/29/2042,2042,Leo Rockett,Saturn 18,923484,"$92,348 ","4321 Summit Ave, Bellingham, WA 98225",Leo Rockett,6/29/2042,Armstrong Industrial,APCP,APCP,300,1000,12
7/3/2042,2042,Vega Zenith,Saturn 18,1265322,"$50,613 ","2468 Cedar St, Everett, WA 98201",Vega Zenith,7/3/2042,Sound Transit,APCP,APCP,300,1000,12
7/4/2042,2042,Chase Armstrong,Saturn 18,1383565,"$83,014 ","1234 Evergreen Way, Seattle, WA 98101",Debbie Armstrong,7/4/2042,Armstrong Industrial,APCP,APCP,300,1000,12
7/7/2042,2042,Leo Rockett,Saturn 18,823713,"$82,371 ","4321 Summit Ave, Bellingham, WA 98225",Leo Rockett,7/7/2042,Dick's Drive-In,APCP,APCP,300,1000,12
7/10/2042,2042,Chase Armstrong,Saturn 18,1304295,"$78,258 ","1234 Evergreen Way, Seattle, WA 98101",Debbie Armstrong,7/10/2042,Armstrong Industrial,APCP,APCP,300,1000,12
7/13/2042,2042,Leo Rockett,Saturn 18,905668,"$90,567 ","4321 Summit Ave, Bellingham, WA 98225",Leo Rockett,7/13/2042,Armstrong Industrial,APCP,APCP,300,1000,12
7/17/2042,2042,Leo Rockett,Saturn 18,869201,"$86,920 ","4321 Summit Ave, Bellingham, WA 98225",Leo Rockett,7/17/2042,U.S. Department of Defense,APCP,APCP,300,1000,12
7/19/2042,2042,Cassio Skyler,Saturn 18,1224598,"$48,984 ","5678 Ridgeview Terrace, Renton, WA 98055",Cassio Skyler,7/19/2042,Sound Transit,APCP,APCP,300,1000,12
7/21/2042,2042,Vega Zenith,Saturn 18,1351553,"$54,062 ","2468 Cedar St, Everett, WA 98201",Vega Zenith,7/21/2042,U.S. Department of Defense,APCP,APCP,300,1000,12
7/24/2042,2042,Leo Rockett,Saturn 18,853809,"$85,381 ","4321 Summit Ave, Bellingham, WA 98225",Leo Rockett,7/24/2042,Amazon,APCP,APCP,300,1000,12
7/27/2042,2042,Cassio Skyler,Saturn 18,1228465,"$49,139 ","5678 Ridgeview Terrace, Renton, WA 98055",Cassio Skyler,7/27/2042,U.S. Department of Defense,APCP,APCP,300,1000,12
7/29/2042,2042,Leo Rockett,Saturn 18,876168,"$87,617 ","4321 Summit Ave, Bellingham, WA 98225",Leo Rockett,7/29/2042,Pagliacci Pizza,APCP,APCP,300,1000,12
8/1/2042,2042,Leo Rockett,Saturn 18,885897,"$88,590 ","4321 Summit Ave, Bellingham, WA 98225",Leo Rockett,8/1/2042,Dick's Drive-In,APCP,APCP,300,1000,12
8/3/2042,2042,Leo Rockett,Saturn 18,864455,"$86,446 ","4321 Summit Ave, Bellingham, WA 98225",Leo Rockett,8/3/2042,U.S. Department of Defense,APCP,APCP,300,1000,12
8/6/2042,2042,Leo Rockett,Saturn 18,879286,"$87,929 ","4321 Summit Ave, Bellingham, WA 98225",Leo Rockett,8/6/2042,Dick's Drive-In,APCP,APCP,300,1000,12
8/7/2042,2042,Chase Armstrong,Saturn 18,1301854,"$78,111 ","1234 Evergreen Way, Seattle, WA 98101",Debbie Armstrong,8/7/2042,Armstrong Industrial,APCP,APCP,300,1000,12
8/11/2042,2042,Leo Rockett,Saturn 18,802343,"$80,234 ","4321 Summit Ave, Bellingham, WA 98225",Leo Rockett,8/11/2042,Dick's Drive-In,APCP,APCP,300,1000,12
8/14/2042,2042,Leo Rockett,Saturn 18,919511,"$91,951 ","4321 Summit Ave, Bellingham, WA 98225",Leo Rockett,8/14/2042,Sound Transit,APCP,APCP,300,1000,12
8/16/2042,2042,Vega Zenith,Saturn 18,1304420,"$52,177 ","2468 Cedar St, Everett, WA 98201",Vega Zenith,8/16/2042,Pagliacci Pizza,APCP,APCP,300,1000,12
8/18/2042,2042,Leo Rockett,Saturn 18,808070,"$80,807 ","4321 Summit Ave, Bellingham, WA 98225",Leo Rockett,8/18/2042,U.S. Department of Defense,APCP,APCP,300,1000,12
8/19/2042,2042,Vega Zenith,Saturn 18,1276011,"$51,040 ","2468 Cedar St, Everett, WA 98201",Vega Zenith,8/19/2042,Amazon,APCP,APCP,300,1000,12
8/21/2042,2042,Nova Kepler,Saturn 18,1381793,"$55,272 ","987 Pinecrest Blvd, Bellevue, WA 98004",Nova Kepler,8/21/2042,U.S. Department of Defense,APCP,APCP,300,1000,12
8/23/2042,2042,Vega Zenith,Saturn 18,1256688,"$50,268 ","2468 Cedar St, Everett, WA 98201",Vega Zenith,8/23/2042,Sound Transit,APCP,APCP,300,1000,12
8/27/2042,2042,Cassio Skyler,Saturn 18,1331504,"$53,260 ","5678 Ridgeview Terrace, Renton, WA 98055",Cassio Skyler,8/27/2042,Amazon,APCP,APCP,300,1000,12
8/29/2042,2042,Leo Rockett,Saturn 18,909453,"$90,945 ","4321 Summit Ave, Bellingham, WA 98225",Leo Rockett,8/29/2042,Sound Transit,APCP,APCP,300,1000,12
9/2/2042,2042,Leo Rockett,Saturn 18,834286,"$83,429 ","4321 Summit Ave, Bellingham, WA 98225",Leo Rockett,9/2/2042,Dick's Drive-In,APCP,APCP,300,1000,12
9/6/2042,2042,Vega Zenith,Saturn 18,1309115,"$52,365 ","2468 Cedar St, Everett, WA 98201",Vega Zenith,9/6/2042,Pagliacci Pizza,APCP,APCP,300,1000,12
9/9/2042,2042,Leo Rockett,Saturn 18,933321,"$93,332 ","4321 Summit Ave, Bellingham, WA 98225",Leo Rockett,9/9/2042,Sound Transit,APCP,APCP,300,1000,12
9/11/2042,2042,Nova Kepler,Saturn 18,1379903,"$55,196 ","987 Pinecrest Blvd, Bellevue, WA 98004",Nova Kepler,9/11/2042,U.S. Department of Defense,APCP,APCP,300,1000,12
9/14/2042,2042,Chase Armstrong,Saturn 18,1300691,"$78,041 ","1234 Evergreen Way, Seattle, WA 98101",Debbie Armstrong,9/14/2042,Armstrong Industrial,APCP,APCP,300,1000,12
9/17/2042,2042,Leo Rockett,Saturn 18,800595,"$80,060 ","4321 Summit Ave, Bellingham, WA 98225",Leo Rockett,9/17/2042,Sound Transit,APCP,APCP,300,1000,12
9/21/2042,2042,Stella Ignis,Saturn 18,1279936,"$51,197 ","2345 Alder Lane, Redmond, WA 98052",Stella Ignis,9/21/2042,Dick's Drive-In,APCP,APCP,300,1000,12
9/24/2042,2042,Jet Falconer,Saturn 18,1363917,"$54,557 ","6789 Maple Drive, Olympia, WA 98501",Jet Falconer,9/24/2042,Amazon,APCP,APCP,300,1000,12
9/26/2042,2042,Stella Ignis,Saturn 18,1224321,"$48,973 ","2345 Alder Lane, Redmond, WA 98052",Stella Ignis,9/26/2042,U.S. Department of Defense,APCP,APCP,300,1000,12
9/29/2042,2042,Vega Zenith,Saturn 18,1299861,"$51,994 ","2468 Cedar St, Everett, WA 98201",Vega Zenith,9/29/2042,Sound Transit,APCP,APCP,300,1000,12
10/2/2042,2042,Chase Armstrong,Saturn 18,1388915,"$83,335 ","1234 Evergreen Way, Seattle, WA 98101",Debbie Armstrong,10/2/2042,Armstrong Industrial,APCP,APCP,300,1000,12
10/5/2042,2042,Leo Rockett,Saturn 18,860764,"$86,076 ","4321 Summit Ave, Bellingham, WA 98225",Leo Rockett,10/5/2042,Sound Transit,APCP,APCP,300,1000,12
10/7/2042,2042,Leo Rockett,Saturn 18,837580,"$83,758 ","4321 Summit Ave, Bellingham, WA 98225",Leo Rockett,10/7/2042,Boeing,APCP,APCP,300,1000,12
10/9/2042,2042,Vega Zenith,Saturn 18,1367654,"$54,706 ","2468 Cedar St, Everett, WA 98201",Vega Zenith,10/9/2042,U.S. Department of Defense,APCP,APCP,300,1000,12
10/10/2042,2042,Nova Kepler,Saturn 18,1372727,"$54,909 ","987 Pinecrest Blvd, Bellevue, WA 98004",Nova Kepler,10/10/2042,Sound Transit,APCP,APCP,300,1000,12
10/11/2042,2042,Chase Armstrong,Saturn 18,1423910,"$85,435 ","1234 Evergreen Way, Seattle, WA 98101",Debbie Armstrong,10/11/2042,Armstrong Industrial,APCP,APCP,300,1000,12
10/14/2042,2042,Leo Rockett,Saturn 18,931117,"$93,112 ","4321 Summit Ave, Bellingham, WA 98225",Leo Rockett,10/14/2042,Amazon,APCP,APCP,300,1000,12
10/17/2042,2042,Nova Kepler,Saturn 18,1427516,"$57,101 ","987 Pinecrest Blvd, Bellevue, WA 98004",Nova Kepler,10/17/2042,Sound Transit,APCP,APCP,300,1000,12
10/18/2042,2042,Leo Rockett,Saturn 18,853566,"$85,357 ","4321 Summit Ave, Bellingham, WA 98225",Leo Rockett,10/18/2042,Armstrong Industrial,APCP,APCP,300,1000,12
10/22/2042,2042,Chase Armstrong,Saturn 18,1351969,"$81,118 ","1234 Evergreen Way, Seattle, WA 98101",Debbie Armstrong,10/22/2042,Armstrong Industrial,APCP,APCP,300,1000,12
10/23/2042,2042,Chase Armstrong,Saturn 18,1414641,"$84,878 ","1234 Evergreen Way, Seattle, WA 98101",Debbie Armstrong,10/23/2042,Armstrong Industrial,APCP,APCP,300,1000,12
10/27/2042,2042,Leo Rockett,Saturn 18,805274,"$80,527 ","4321 Summit Ave, Bellingham, WA 98225",Leo Rockett,10/27/2042,Pagliacci Pizza,APCP,APCP,300,1000,12
10/30/2042,2042,Atlas Ryder,Saturn 18,1309499,"$52,380 ","1357 Rainier Rd, Kirkland, WA 98033",Atlas Ryder,10/30/2042,Pagliacci Pizza,APCP,APCP,300,1000,12
11/2/2042,2042,Leo Rockett,Saturn 18,801189,"$80,119 ","4321 Summit Ave, Bellingham, WA 98225",Leo Rockett,11/2/2042,Pagliacci Pizza,APCP,APCP,300,1000,12
11/5/2042,2042,Leo Rockett,Saturn 18,877879,"$87,788 ","4321 Summit Ave, Bellingham, WA 98225",Leo Rockett,11/5/2042,Armstrong Industrial,APCP,APCP,300,1000,12
11/6/2042,2042,Leo Rockett,Saturn 18,841846,"$84,185 ","4321 Summit Ave, Bellingham, WA 98225",Leo Rockett,11/6/2042,Dick's Drive-In,APCP,APCP,300,1000,12
11/9/2042,2042,Vega Zenith,Saturn 18,1299373,"$51,975 ","2468 Cedar St, Everett, WA 98201",Vega Zenith,11/9/2042,Sound Transit,APCP,APCP,300,1000,12
11/13/2042,2042,Atlas Ryder,Saturn 18,1235489,"$49,420 ","1357 Rainier Rd, Kirkland, WA 98033",Atlas Ryder,11/13/2042,U.S. Department of Defense,APCP,APCP,300,1000,12
11/17/2042,2042,Nova Kepler,Saturn 18,1298050,"$51,922 ","987 Pinecrest Blvd, Bellevue, WA 98004",Nova Kepler,11/17/2042,Dick's Drive-In,APCP,APCP,300,1000,12
11/20/2042,2042,Chase Armstrong,Saturn 18,1382686,"$82,961 ","1234 Evergreen Way, Seattle, WA 98101",Debbie Armstrong,11/20/2042,Armstrong Industrial,APCP,APCP,300,1000,12
11/22/2042,2042,Chase Armstrong,Saturn 18,1361039,"$81,662 ","1234 Evergreen Way, Seattle, WA 98101",Debbie Armstrong,11/22/2042,Armstrong Industrial,APCP,APCP,300,1000,12
12/2/2042,2042,Atlas Ryder,Saturn 18,1260970,"$50,439 ","1357 Rainier Rd, Kirkland, WA 98033",Atlas Ryder,12/2/2042,Boeing,APCP,APCP,300,1000,12
12/4/2042,2042,Leo Rockett,Saturn 18,871650,"$87,165 ","4321 Summit Ave, Bellingham, WA 98225",Leo Rockett,12/4/2042,Sound Transit,APCP,APCP,300,1000,12
12/6/2042,2042,Chase Armstrong,Saturn 18,1321645,"$79,299 ","1234 Evergreen Way, Seattle, WA 98101",Debbie Armstrong,12/6/2042,Armstrong Industrial,APCP,APCP,300,1000,12
12/8/2042,2042,Stella Ignis,Saturn 18,1294680,"$51,787 ","2345 Alder Lane, Redmond, WA 98052",Stella Ignis,12/8/2042,Pagliacci Pizza,APCP,APCP,300,1000,12
12/11/2042,2042,Leo Rockett,Saturn 18,831774,"$83,177 ","4321 Summit Ave, Bellingham, WA 98225",Leo Rockett,12/11/2042,Amazon,APCP,APCP,300,1000,12
12/14/2042,2042,Vega Zenith,Saturn 18,1287881,"$51,515 ","2468 Cedar St, Everett, WA 98201",Vega Zenith,12/14/2042,U.S. Department of Defense,APCP,APCP,300,1000,12
12/18/2042,2042,Vega Zenith,Saturn 18,1277010,"$51,080 ","2468 Cedar St, Everett, WA 98201",Vega Zenith,12/18/2042,U.S. Department of Defense,APCP,APCP,300,1000,12
12/22/2042,2042,Leo Rockett,Saturn 18,886960,"$88,696 ","4321 Summit Ave, Bellingham, WA 98225",Leo Rockett,12/22/2042,Dick's Drive-In,APCP,APCP,300,1000,12
12/24/2042,2042,Leo Rockett,Saturn 18,794105,"$79,411 ","4321 Summit Ave, Bellingham, WA 98225",Leo Rockett,12/24/2042,U.S. Department of Defense,APCP,APCP,300,1000,12
12/27/2042,2042,Vega Zenith,Saturn 18,1233083,"$49,323 ","2468 Cedar St, Everett, WA 98201",Vega Zenith,12/27/2042,Dick's Drive-In,APCP,APCP,300,1000,12
12/28/2042,2042,Chase Armstrong,Saturn 18,1417750,"$85,065 ","1234 Evergreen Way, Seattle, WA 98101",Debbie Armstrong,12/28/2042,Armstrong Industrial,APCP,APCP,300,1000,12
12/29/2042,2042,Atlas Ryder,Saturn 18,1285547,"$51,422 ","1357 Rainier Rd, Kirkland, WA 98033",Atlas Ryder,12/29/2042,Sound Transit,APCP,APCP,300,1000,12
12/31/2042,2042,Leo Rockett,Saturn 18,802009,"$80,201 ","4321 Summit Ave, Bellingham, WA 98225",Leo Rockett,12/31/2042,Dick's Drive-In,APCP,APCP,300,1000,12
1/1/2043,2043,Nova Kepler,Saturn 18,1403191,"$56,128 ","987 Pinecrest Blvd, Bellevue, WA 98004",Nova Kepler,1/1/2043,Sound Transit,APCP,APCP,300,1000,12
1/2/2043,2043,Vega Zenith,Saturn 18,1355507,"$54,220 ","2468 Cedar St, Everett, WA 98201",Vega Zenith,1/2/2043,U.S. Department of Defense,APCP,APCP,300,1000,12
1/5/2043,2043,Leo Rockett,Saturn 18,820723,"$82,072 ","4321 Summit Ave, Bellingham, WA 98225",Leo Rockett,1/5/2043,Dick's Drive-In,APCP,APCP,300,1000,12
1/15/2043,2043,Chase Armstrong,Saturn 18,1380976,"$82,859 ","1234 Evergreen Way, Seattle, WA 98101",Debbie Armstrong,1/15/2043,Armstrong Industrial,APCP,APCP,300,1000,12
1/18/2043,2043,Vega Zenith,Saturn 18,1241194,"$49,648 ","2468 Cedar St, Everett, WA 98201",Vega Zenith,1/18/2043,Amazon,APCP,APCP,300,1000,12
1/20/2043,2043,Nova Kepler,Saturn 18,1326073,"$53,043 ","987 Pinecrest Blvd, Bellevue, WA 98004",Nova Kepler,1/20/2043,Sound Transit,APCP,APCP,300,1000,12
1/27/2043,2043,Chase Armstrong,Saturn 18,1434611,"$86,077 ","1234 Evergreen Way, Seattle, WA 98101",Debbie Armstrong,1/27/2043,Armstrong Industrial,APCP,APCP,300,1000,12
2/4/2043,2043,Vega Zenith,Saturn 18,1305612,"$52,224 ","2468 Cedar St, Everett, WA 98201",Vega Zenith,2/4/2043,U.S. Department of Defense,APCP,APCP,300,1000,12
2/8/2043,2043,Jet Falconer,Saturn 18,1334807,"$53,392 ","6789 Maple Drive, Olympia, WA 98501",Jet Falconer,2/8/2043,Dick's Drive-In,APCP,APCP,300,1000,12
2/11/2043,2043,Leo Rockett,Saturn 18,854054,"$85,405 ","4321 Summit Ave, Bellingham, WA 98225",Leo Rockett,2/11/2043,U.S. Department of Defense,APCP,APCP,300,1000,12
2/16/2043,2043,Vega Zenith,Saturn 18,1240674,"$49,627 ","2468 Cedar St, Everett, WA 98201",Vega Zenith,2/16/2043,Dick's Drive-In,APCP,APCP,300,1000,12
2/21/2043,2043,Leo Rockett,Saturn 18,848520,"$84,852 ","4321 Summit Ave, Bellingham, WA 98225",Leo Rockett,2/21/2043,U.S. Department of Defense,APCP,APCP,300,1000,12
2/22/2043,2043,Luna Vector,Saturn 18,1261996,"$63,100 ","7890 Harbor St, Spokane, WA 99201",Luna Vector,2/22/2043,Amazon,APCP,APCP,300,1000,12
2/25/2043,2043,Leo Rockett,Saturn 18,841235,"$84,124 ","4321 Summit Ave, Bellingham, WA 98225",Leo Rockett,2/25/2043,Dick's Drive-In,APCP,APCP,300,1000,12
3/1/2043,2043,Leo Rockett,Saturn 18,886315,"$88,632 ","4321 Summit Ave, Bellingham, WA 98225",Leo Rockett,3/1/2043,Dick's Drive-In,APCP,APCP,300,1000,12
3/4/2043,2043,Nova Kepler,Saturn 18,1314562,"$52,582 ","987 Pinecrest Blvd, Bellevue, WA 98004",Nova Kepler,3/4/2043,Dick's Drive-In,APCP,APCP,300,1000,12
3/6/2043,2043,Cassio Skyler,Saturn 18,1304121,"$52,165 ","5678 Ridgeview Terrace, Renton, WA 98055",Cassio Skyler,3/6/2043,Dick's Drive-In,APCP,APCP,300,1000,12
3/17/2043,2043,Chase Armstrong,Saturn 18,1333612,"$80,017 ","1234 Evergreen Way, Seattle, WA 98101",Debbie Armstrong,3/17/2043,Armstrong Industrial,APCP,APCP,300,1000,12
3/21/2043,2043,Leo Rockett,Saturn 18,889687,"$88,969 ","4321 Summit Ave, Bellingham, WA 98225",Leo Rockett,3/21/2043,Dick's Drive-In,APCP,APCP,300,1000,12
3/23/2043,2043,Vega Zenith,Saturn 18,1243756,"$49,750 ","2468 Cedar St, Everett, WA 98201",Vega Zenith,3/23/2043,Dick's Drive-In,APCP,APCP,300,1000,12
3/30/2043,2043,Vega Zenith,Saturn 18,1329693,"$53,188 ","2468 Cedar St, Everett, WA 98201",Vega Zenith,3/30/2043,Dick's Drive-In,APCP,APCP,300,1000,12
4/6/2043,2043,Leo Rockett,Saturn 18,895940,"$89,594 ","4321 Summit Ave, Bellingham, WA 98225",Leo Rockett,4/6/2043,U.S. Department of Defense,APCP,APCP,300,1000,12
4/8/2043,2043,Chase Armstrong,Saturn 18,1332186,"$79,931 ","1234 Evergreen Way, Seattle, WA 98101",Debbie Armstrong,4/8/2043,Armstrong Industrial,APCP,APCP,300,1000,12
4/12/2043,2043,Leo Rockett,Saturn 18,898028,"$89,803 ","4321 Summit Ave, Bellingham, WA 98225",Leo Rockett,4/12/2043,Sound Transit,APCP,APCP,300,1000,12
4/13/2043,2043,Chase Armstrong,Saturn 18,1325479,"$79,529 ","1234 Evergreen Way, Seattle, WA 98101",Debbie Armstrong,4/13/2043,Armstrong Industrial,APCP,APCP,300,1000,12
4/14/2043,2043,Chase Armstrong,Saturn 18,1434107,"$86,046 ","1234 Evergreen Way, Seattle, WA 98101",Debbie Armstrong,4/14/2043,Armstrong Industrial,APCP,APCP,300,1000,12
4/16/2043,2043,Nova Kepler,Saturn 18,1363810,"$54,552 ","987 Pinecrest Blvd, Bellevue, WA 98004",Nova Kepler,4/16/2043,Amazon,APCP,APCP,300,1000,12
4/23/2043,2043,Stella Ignis,Saturn 18,1252358,"$50,094 ","2345 Alder Lane, Redmond, WA 98052",Stella Ignis,4/23/2043,U.S. Department of Defense,APCP,APCP,300,1000,12
4/30/2043,2043,Nova Kepler,Saturn 18,1325460,"$53,018 ","987 Pinecrest Blvd, Bellevue, WA 98004",Nova Kepler,4/30/2043,Armstrong Industrial,APCP,APCP,300,1000,12
5/3/2043,2043,Leo Rockett,Saturn 18,803635,"$80,364 ","4321 Summit Ave, Bellingham, WA 98225",Leo Rockett,5/3/2043,U.S. Department of Defense,APCP,APCP,300,1000,12
5/7/2043,2043,Leo Rockett,Saturn 18,868445,"$86,845 ","4321 Summit Ave, Bellingham, WA 98225",Leo Rockett,5/7/2043,Amazon,APCP,APCP,300,1000,12
5/10/2043,2043,Chase Armstrong,Saturn 18,1309698,"$78,582 ","1234 Evergreen Way, Seattle, WA 98101",Debbie Armstrong,5/10/2043,Armstrong Industrial,APCP,APCP,300,1000,12
5/13/2043,2043,Atlas Ryder,Saturn 18,1320074,"$52,803 ","1357 Rainier Rd, Kirkland, WA 98033",Atlas Ryder,5/13/2043,Pagliacci Pizza,APCP,APCP,300,1000,12
5/16/2043,2043,Leo Rockett,Saturn 18,849898,"$84,990 ","4321 Summit Ave, Bellingham, WA 98225",Leo Rockett,5/16/2043,U.S. Department of Defense,APCP,APCP,300,1000,12
5/19/2043,2043,Leo Rockett,Saturn 18,820926,"$82,093 ","4321 Summit Ave, Bellingham, WA 98225",Leo Rockett,5/19/2043,Amazon,APCP,APCP,300,1000,12
5/20/2043,2043,Nova Kepler,Saturn 18,1398755,"$55,950 ","987 Pinecrest Blvd, Bellevue, WA 98004",Nova Kepler,5/20/2043,U.S. Department of Defense,APCP,APCP,300,1000,12
5/22/2043,2043,Leo Rockett,Saturn 18,923678,"$92,368 ","4321 Summit Ave, Bellingham, WA 98225",Leo Rockett,5/22/2043,Armstrong Industrial,APCP,APCP,300,1000,12
5/24/2043,2043,Luna Vector,Saturn 18,1338184,"$66,909 ","7890 Harbor St, Spokane, WA 99201",Luna Vector,5/24/2043,Sound Transit,APCP,APCP,300,1000,12
5/30/2043,2043,Orion Blaze,Saturn 18,1307969,"$39,239 ","4567 Cascade Ave, Tacoma, WA 98402",Orion Blaze,5/30/2043,U.S. Department of Defense,APCP,APCP,300,1000,12
6/2/2043,2043,Leo Rockett,Saturn 18,859090,"$85,909 ","4321 Summit Ave, Bellingham, WA 98225",Leo Rockett,6/2/2043,Dick's Drive-In,APCP,APCP,300,1000,12
6/6/2043,2043,Cassio Skyler,Saturn 18,1349854,"$53,994 ","5678 Ridgeview Terrace, Renton, WA 98055",Cassio Skyler,6/6/2043,U.S. Department of Defense,APCP,APCP,300,1000,12
6/8/2043,2043,Chase Armstrong,Saturn 18,1390196,"$83,412 ","1234 Evergreen Way, Seattle, WA 98101",Debbie Armstrong,6/8/2043,Armstrong Industrial,APCP,APCP,300,1000,12
6/15/2043,2043,Chase Armstrong,Saturn 18,1403217,"$84,193 ","1234 Evergreen Way, Seattle, WA 98101",Debbie Armstrong,6/15/2043,Armstrong Industrial,APCP,APCP,300,1000,12
6/20/2043,2043,Vega Zenith,Saturn 18,1278777,"$51,151 ","2468 Cedar St, Everett, WA 98201",Vega Zenith,6/20/2043,Dick's Drive-In,APCP,APCP,300,1000,12
6/22/2043,2043,Nova Kepler,Saturn 18,1300999,"$52,040 ","987 Pinecrest Blvd, Bellevue, WA 98004",Nova Kepler,6/22/2043,Dick's Drive-In,APCP,APCP,300,1000,12
6/24/2043,2043,Leo Rockett,Saturn 18,861852,"$86,185 ","4321 Summit Ave, Bellingham, WA 98225",Leo Rockett,6/24/2043,U.S. Department of Defense,APCP,APCP,300,1000,12
7/1/2043,2043,Luna Vector,Saturn 18,1347695,"$67,385 ","7890 Harbor St, Spokane, WA 99201",Luna Vector,7/1/2043,Dick's Drive-In,APCP,APCP,300,1000,12
7/4/2043,2043,Leo Rockett,Saturn 18,808671,"$80,867 ","4321 Summit Ave, Bellingham, WA 98225",Leo Rockett,7/4/2043,Dick's Drive-In,APCP,APCP,300,1000,12
7/8/2043,2043,Nova Kepler,Saturn 18,1349634,"$53,985 ","987 Pinecrest Blvd, Bellevue, WA 98004",Nova Kepler,7/8/2043,Dick's Drive-In,APCP,APCP,300,1000,12
7/16/2043,2043,Stella Ignis,Saturn 18,1235274,"$49,411 ","2345 Alder Lane, Redmond, WA 98052",Stella Ignis,7/16/2043,Dick's Drive-In,APCP,APCP,300,1000,12
7/19/2043,2043,Atlas Ryder,Saturn 18,1273664,"$50,947 ","1357 Rainier Rd, Kirkland, WA 98033",Atlas Ryder,7/19/2043,Dick's Drive-In,APCP,APCP,300,1000,12
7/26/2043,2043,Cassio Skyler,Saturn 18,1249938,"$49,998 ","5678 Ridgeview Terrace, Renton, WA 98055",Cassio Skyler,7/26/2043,Dick's Drive-In,APCP,APCP,300,1000,12
7/30/2043,2043,Vega Zenith,Saturn 18,1308238,"$52,330 ","2468 Cedar St, Everett, WA 98201",Vega Zenith,7/30/2043,Dick's Drive-In,APCP,APCP,300,1000,12
8/3/2043,2043,Chase Armstrong,Saturn 18,1378907,"$82,734 ","1234 Evergreen Way, Seattle, WA 98101",Debbie Armstrong,8/3/2043,Armstrong Industrial,APCP,APCP,300,1000,12
8/4/2043,2043,Leo Rockett,Saturn 18,899809,"$89,981 ","4321 Summit Ave, Bellingham, WA 98225",Leo Rockett,8/4/2043,Boeing,APCP,APCP,300,1000,12
8/7/2043,2043,Leo Rockett,Saturn 18,905207,"$90,521 ","4321 Summit Ave, Bellingham, WA 98225",Leo Rockett,8/7/2043,Sound Transit,APCP,APCP,300,1000,12
8/8/2043,2043,Chase Armstrong,Saturn 18,1354331,"$81,260 ","1234 Evergreen Way, Seattle, WA 98101",Debbie Armstrong,8/8/2043,Armstrong Industrial,APCP,APCP,300,1000,12
8/11/2043,2043,Leo Rockett,Saturn 18,841511,"$84,151 ","4321 Summit Ave, Bellingham, WA 98225",Leo Rockett,8/11/2043,Sound Transit,APCP,APCP,300,1000,12
8/13/2043,2043,Nova Kepler,Saturn 18,1333870,"$53,355 ","987 Pinecrest Blvd, Bellevue, WA 98004",Nova Kepler,8/13/2043,Dick's Drive-In,APCP,APCP,300,1000,12
8/15/2043,2043,Orion Blaze,Saturn 18,1323067,"$39,692 ","4567 Cascade Ave, Tacoma, WA 98402",Orion Blaze,8/15/2043,Sound Transit,APCP,APCP,300,1000,12
8/16/2043,2043,Leo Rockett,Saturn 18,895029,"$89,503 ","4321 Summit Ave, Bellingham, WA 98225",Leo Rockett,8/16/2043,Pagliacci Pizza,APCP,APCP,300,1000,12
8/18/2043,2043,Leo Rockett,Saturn 18,895418,"$89,542 ","4321 Summit Ave, Bellingham, WA 98225",Leo Rockett,8/18/2043,Sound Transit,APCP,APCP,300,1000,12
8/24/2043,2043,Nova Kepler,Saturn 18,1338357,"$53,534 ","987 Pinecrest Blvd, Bellevue, WA 98004",Nova Kepler,8/24/2043,U.S. Department of Defense,APCP,APCP,300,1000,12
8/31/2043,2043,Nova Kepler,Saturn 18,1343492,"$53,740 ","987 Pinecrest Blvd, Bellevue, WA 98004",Nova Kepler,8/31/2043,U.S. Department of Defense,APCP,APCP,300,1000,12
9/4/2043,2043,Cassio Skyler,Saturn 18,1357766,"$54,311 ","5678 Ridgeview Terrace, Renton, WA 98055",Cassio Skyler,9/4/2043,Boeing,APCP,APCP,300,1000,12
9/5/2043,2043,Jet Falconer,Saturn 18,1277532,"$51,101 ","6789 Maple Drive, Olympia, WA 98501",Jet Falconer,9/5/2043,Dick's Drive-In,APCP,APCP,300,1000,12
9/11/2043,2043,Leo Rockett,Saturn 18,798036,"$79,804 ","4321 Summit Ave, Bellingham, WA 98225",Leo Rockett,9/11/2043,Dick's Drive-In,APCP,APCP,300,1000,12
9/12/2043,2043,Stella Ignis,Saturn 18,1328478,"$53,139 ","2345 Alder Lane, Redmond, WA 98052",Stella Ignis,9/12/2043,Sound Transit,APCP,APCP,300,1000,12
9/20/2043,2043,Leo Rockett,Saturn 18,822113,"$82,211 ","4321 Summit Ave, Bellingham, WA 98225",Leo Rockett,9/20/2043,Dick's Drive-In,APCP,APCP,300,1000,12
9/23/2043,2043,Vega Zenith,Saturn 18,1234293,"$49,372 ","2468 Cedar St, Everett, WA 98201",Vega Zenith,9/23/2043,Armstrong Industrial,APCP,APCP,300,1000,12
9/24/2043,2043,Vega Zenith,Saturn 18,1243773,"$49,751 ","2468 Cedar St, Everett, WA 98201",Vega Zenith,9/24/2043,Pagliacci Pizza,APCP,APCP,300,1000,12
9/25/2043,2043,Cassio Skyler,Saturn 18,1289446,"$51,578 ","5678 Ridgeview Terrace, Renton, WA 98055",Cassio Skyler,9/25/2043,Amazon,APCP,APCP,300,1000,12
9/27/2043,2043,Vega Zenith,Saturn 18,1324893,"$52,996 ","2468 Cedar St, Everett, WA 98201",Vega Zenith,9/27/2043,U.S. Department of Defense,APCP,APCP,300,1000,12
9/30/2043,2043,Leo Rockett,Saturn 18,898425,"$89,843 ","4321 Summit Ave, Bellingham, WA 98225",Leo Rockett,9/30/2043,Sound Transit,APCP,APCP,300,1000,12
10/2/2043,2043,Atlas Ryder,Saturn 18,1300649,"$52,026 ","1357 Rainier Rd, Kirkland, WA 98033",Atlas Ryder,10/2/2043,Dick's Drive-In,APCP,APCP,300,1000,12
10/3/2043,2043,Leo Rockett,Saturn 18,840479,"$84,048 ","4321 Summit Ave, Bellingham, WA 98225",Leo Rockett,10/3/2043,Amazon,APCP,APCP,300,1000,12
10/6/2043,2043,Nova Kepler,Saturn 18,1433943,"$57,358 ","987 Pinecrest Blvd, Bellevue, WA 98004",Nova Kepler,10/6/2043,U.S. Department of Defense,APCP,APCP,300,1000,12
10/8/2043,2043,Chase Armstrong,Saturn 18,1429179,"$85,751 ","1234 Evergreen Way, Seattle, WA 98101",Debbie Armstrong,10/8/2043,Armstrong Industrial,APCP,APCP,300,1000,12
10/11/2043,2043,Chase Armstrong,Saturn 18,1332263,"$79,936 ","1234 Evergreen Way, Seattle, WA 98101",Debbie Armstrong,10/11/2043,Armstrong Industrial,APCP,APCP,300,1000,12
10/12/2043,2043,Leo Rockett,Saturn 18,853454,"$85,345 ","4321 Summit Ave, Bellingham, WA 98225",Leo Rockett,10/12/2043,U.S. Department of Defense,APCP,APCP,300,1000,12
10/14/2043,2043,Leo Rockett,Saturn 18,888535,"$88,854 ","4321 Summit Ave, Bellingham, WA 98225",Leo Rockett,10/14/2043,Dick's Drive-In,APCP,APCP,300,1000,12
10/18/2043,2043,Cassio Skyler,Saturn 18,1280083,"$51,203 ","5678 Ridgeview Terrace, Renton, WA 98055",Cassio Skyler,10/18/2043,Dick's Drive-In,APCP,APCP,300,1000,12
10/23/2043,2043,Nova Kepler,Saturn 18,1381270,"$55,251 ","987 Pinecrest Blvd, Bellevue, WA 98004",Nova Kepler,10/23/2043,Dick's Drive-In,APCP,APCP,300,1000,12
10/29/2043,2043,Leo Rockett,Saturn 18,857691,"$85,769 ","4321 Summit Ave, Bellingham, WA 98225",Leo Rockett,10/29/2043,Sound Transit,APCP,APCP,300,1000,12
11/2/2043,2043,Vega Zenith,Saturn 18,1273751,"$50,950 ","2468 Cedar St, Everett, WA 98201",Vega Zenith,11/2/2043,Pagliacci Pizza,APCP,APCP,300,1000,12
11/12/2043,2043,Atlas Ryder,Saturn 18,1343481,"$53,739 ","1357 Rainier Rd, Kirkland, WA 98033",Atlas Ryder,11/12/2043,Pagliacci Pizza,APCP,APCP,300,1000,12
11/14/2043,2043,Chase Armstrong,Saturn 18,1341561,"$80,494 ","1234 Evergreen Way, Seattle, WA 98101",Debbie Armstrong,11/14/2043,Armstrong Industrial,APCP,APCP,300,1000,12
11/19/2043,2043,Cassio Skyler,Saturn 18,1292188,"$51,688 ","5678 Ridgeview Terrace, Renton, WA 98055",Cassio Skyler,11/19/2043,Pagliacci Pizza,APCP,APCP,300,1000,12
11/21/2043,2043,Leo Rockett,Saturn 18,801609,"$80,161 ","4321 Summit Ave, Bellingham, WA 98225",Leo Rockett,11/21/2043,Amazon,APCP,APCP,300,1000,12
11/23/2043,2043,Vega Zenith,Saturn 18,1271622,"$50,865 ","2468 Cedar St, Everett, WA 98201",Vega Zenith,11/23/2043,Dick's Drive-In,APCP,APCP,300,1000,12
11/26/2043,2043,Leo Rockett,Saturn 18,873775,"$87,378 ","4321 Summit Ave, Bellingham, WA 98225",Leo Rockett,11/26/2043,Sound Transit,APCP,APCP,300,1000,12
11/29/2043,2043,Vega Zenith,Saturn 18,1367453,"$54,698 ","2468 Cedar St, Everett, WA 98201",Vega Zenith,11/29/2043,Armstrong Industrial,APCP,APCP,300,1000,12
12/2/2043,2043,Atlas Ryder,Saturn 18,1299597,"$51,984 ","1357 Rainier Rd, Kirkland, WA 98033",Atlas Ryder,12/2/2043,Dick's Drive-In,APCP,APCP,300,1000,12
12/3/2043,2043,Leo Rockett,Saturn 18,926826,"$92,683 ","4321 Summit Ave, Bellingham, WA 98225",Leo Rockett,12/3/2043,U.S. Department of Defense,APCP,APCP,300,1000,12
12/6/2043,2043,Vega Zenith,Saturn 18,1344787,"$53,791 ","2468 Cedar St, Everett, WA 98201",Vega Zenith,12/6/2043,Dick's Drive-In,APCP,APCP,300,1000,12
12/11/2043,2043,Vega Zenith,Saturn 18,1356411,"$54,256 ","2468 Cedar St, Everett, WA 98201",Vega Zenith,12/11/2043,Dick's Drive-In,APCP,APCP,300,1000,12
12/12/2043,2043,Chase Armstrong,Saturn 18,1312357,"$78,741 ","1234 Evergreen Way, Seattle, WA 98101",Debbie Armstrong,12/12/2043,Armstrong Industrial,APCP,APCP,300,1000,12
12/15/2043,2043,Leo Rockett,Saturn 18,877216,"$87,722 ","4321 Summit Ave, Bellingham, WA 98225",Leo Rockett,12/15/2043,Sound Transit,APCP,APCP,300,1000,12
12/19/2043,2043,Leo Rockett,Saturn 18,905115,"$90,512 ","4321 Summit Ave, Bellingham, WA 98225",Leo Rockett,12/19/2043,Amazon,APCP,APCP,300,1000,12
12/23/2043,2043,Chase Armstrong,Saturn 18,1418497,"$85,110 ","1234 Evergreen Way, Seattle, WA 98101",Debbie Armstrong,12/23/2043,Armstrong Industrial,APCP,APCP,300,1000,12
12/25/2043,2043,Leo Rockett,Saturn 18,817205,"$81,721 ","4321 Summit Ave, Bellingham, WA 98225",Leo Rockett,12/25/2043,Dick's Drive-In,APCP,APCP,300,1000,12
12/28/2043,2043,Leo Rockett,Saturn 18,921188,"$92,119 ","4321 Summit Ave, Bellingham, WA 98225",Leo Rockett,12/28/2043,U.S. Department of Defense,APCP,APCP,300,1000,12
12/30/2043,2043,Leo Rockett,Saturn 18,834673,"$83,467 ","4321 Summit Ave, Bellingham, WA 98225",Leo Rockett,12/30/2043,Amazon,APCP,APCP,300,1000,12
12/31/2043,2043,Leo Rockett,Saturn 18,871189,"$87,119 ","4321 Summit Ave, Bellingham, WA 98225",Leo Rockett,12/31/2043,Dick's Drive-In,APCP,APCP,300,1000,12
1/5/2044,2044,Chase Armstrong,Saturn 18,1357613,"$81,457 ","1234 Evergreen Way, Seattle, WA 98101",Debbie Armstrong,1/5/2044,Armstrong Industrial,APCP,APCP,300,1000,12
1/9/2044,2044,Atlas Ryder,Saturn 18,1320547,"$52,822 ","1357 Rainier Rd, Kirkland, WA 98033",Atlas Ryder,1/9/2044,Pagliacci Pizza,APCP,APCP,300,1000,12
1/21/2044,2044,Atlas Ryder,Saturn 18,1265215,"$50,609 ","1357 Rainier Rd, Kirkland, WA 98033",Atlas Ryder,1/21/2044,Sound Transit,APCP,APCP,300,1000,12
1/22/2044,2044,Leo Rockett,Saturn 18,878337,"$87,834 ","4321 Summit Ave, Bellingham, WA 98225",Leo Rockett,1/22/2044,Armstrong Industrial,APCP,APCP,300,1000,12
1/25/2044,2044,Chase Armstrong,Saturn 18,1429948,"$85,797 ","1234 Evergreen Way, Seattle, WA 98101",Debbie Armstrong,1/25/2044,Armstrong Industrial,APCP,APCP,300,1000,12
1/30/2044,2044,Leo Rockett,Saturn 18,842851,"$84,285 ","4321 Summit Ave, Bellingham, WA 98225",Leo Rockett,1/30/2044,Sound Transit,APCP,APCP,300,1000,12
1/31/2044,2044,Chase Armstrong,Saturn 18,1435670,"$86,140 ","1234 Evergreen Way, Seattle, WA 98101",Debbie Armstrong,1/31/2044,Armstrong Industrial,APCP,APCP,300,1000,12
2/7/2044,2044,Vega Zenith,Saturn 18,1299359,"$51,974 ","2468 Cedar St, Everett, WA 98201",Vega Zenith,2/7/2044,Pagliacci Pizza,APCP,APCP,300,1000,12
2/10/2044,2044,Orion Blaze,Saturn 18,1307024,"$39,211 ","4567 Cascade Ave, Tacoma, WA 98402",Orion Blaze,2/10/2044,Sound Transit,APCP,APCP,300,1000,12
2/14/2044,2044,Nova Kepler,Saturn 18,1438140,"$57,526 ","987 Pinecrest Blvd, Bellevue, WA 98004",Nova Kepler,2/14/2044,U.S. Department of Defense,APCP,APCP,300,1000,12
2/18/2044,2044,Cassio Skyler,Saturn 18,1335967,"$53,439 ","5678 Ridgeview Terrace, Renton, WA 98055",Cassio Skyler,2/18/2044,Pagliacci Pizza,APCP,APCP,300,1000,12
2/22/2044,2044,Leo Rockett,Saturn 18,794501,"$79,450 ","4321 Summit Ave, Bellingham, WA 98225",Leo Rockett,2/22/2044,Sound Transit,APCP,APCP,300,1000,12
2/23/2044,2044,Orion Blaze,Saturn 18,1356865,"$40,706 ","4567 Cascade Ave, Tacoma, WA 98402",Orion Blaze,2/23/2044,Dick's Drive-In,APCP,APCP,300,1000,12
2/24/2044,2044,Nova Kepler,Saturn 18,1324893,"$52,996 ","987 Pinecrest Blvd, Bellevue, WA 98004",Nova Kepler,2/24/2044,U.S. Department of Defense,APCP,APCP,300,1000,12
2/26/2044,2044,Leo Rockett,Saturn 18,916942,"$91,694 ","4321 Summit Ave, Bellingham, WA 98225",Leo Rockett,2/26/2044,Sound Transit,APCP,APCP,300,1000,12
3/2/2044,2044,Atlas Ryder,Saturn 18,1345550,"$53,822 ","1357 Rainier Rd, Kirkland, WA 98033",Atlas Ryder,3/2/2044,Sound Transit,APCP,APCP,300,1000,12
3/6/2044,2044,Chase Armstrong,Saturn 18,1319789,"$79,187 ","1234 Evergreen Way, Seattle, WA 98101",Debbie Armstrong,3/6/2044,Armstrong Industrial,APCP,APCP,300,1000,12
3/10/2044,2044,Chase Armstrong,Saturn 18,1341407,"$80,484 ","1234 Evergreen Way, Seattle, WA 98101",Debbie Armstrong,3/10/2044,Armstrong Industrial,APCP,APCP,300,1000,12
3/16/2044,2044,Leo Rockett,Saturn 18,921801,"$92,180 ","4321 Summit Ave, Bellingham, WA 98225",Leo Rockett,3/16/2044,U.S. Department of Defense,APCP,APCP,300,1000,12
3/20/2044,2044,Leo Rockett,Saturn 18,895767,"$89,577 ","4321 Summit Ave, Bellingham, WA 98225",Leo Rockett,3/20/2044,Dick's Drive-In,APCP,APCP,300,1000,12
4/7/2044,2044,Nova Kepler,Saturn 18,1343538,"$53,742 ","987 Pinecrest Blvd, Bellevue, WA 98004",Nova Kepler,4/7/2044,Dick's Drive-In,APCP,APCP,300,1000,12
4/9/2044,2044,Nova Kepler,Saturn 18,1396787,"$55,871 ","987 Pinecrest Blvd, Bellevue, WA 98004",Nova Kepler,4/9/2044,Sound Transit,APCP,APCP,300,1000,12
4/17/2044,2044,Vega Zenith,Saturn 18,1247778,"$49,911 ","2468 Cedar St, Everett, WA 98201",Vega Zenith,4/17/2044,Sound Transit,APCP,APCP,300,1000,12
4/18/2044,2044,Leo Rockett,Saturn 18,881470,"$88,147 ","4321 Summit Ave, Bellingham, WA 98225",Leo Rockett,4/18/2044,Dick's Drive-In,APCP,APCP,300,1000,12
5/2/2044,2044,Leo Rockett,Saturn 18,910913,"$91,091 ","4321 Summit Ave, Bellingham, WA 98225",Leo Rockett,5/2/2044,Sound Transit,APCP,APCP,300,1000,12
5/7/2044,2044,Vega Zenith,Saturn 18,1366975,"$54,679 ","2468 Cedar St, Everett, WA 98201",Vega Zenith,5/7/2044,Sound Transit,APCP,APCP,300,1000,12
5/11/2044,2044,Cassio Skyler,Saturn 18,1350319,"$54,013 ","5678 Ridgeview Terrace, Renton, WA 98055",Cassio Skyler,5/11/2044,Sound Transit,APCP,APCP,300,1000,12
5/17/2044,2044,Leo Rockett,Saturn 18,793089,"$79,309 ","4321 Summit Ave, Bellingham, WA 98225",Leo Rockett,5/17/2044,Pagliacci Pizza,APCP,APCP,300,1000,12
5/21/2044,2044,Leo Rockett,Saturn 18,837170,"$83,717 ","4321 Summit Ave, Bellingham, WA 98225",Leo Rockett,5/21/2044,U.S. Department of Defense,APCP,APCP,300,1000,12
5/23/2044,2044,Atlas Ryder,Saturn 18,1279362,"$51,174 ","1357 Rainier Rd, Kirkland, WA 98033",Atlas Ryder,5/23/2044,Dick's Drive-In,APCP,APCP,300,1000,12
5/24/2044,2044,Cassio Skyler,Saturn 18,1268490,"$50,740 ","5678 Ridgeview Terrace, Renton, WA 98055",Cassio Skyler,5/24/2044,U.S. Department of Defense,APCP,APCP,300,1000,12
5/26/2044,2044,Vega Zenith,Saturn 18,1232683,"$49,307 ","2468 Cedar St, Everett, WA 98201",Vega Zenith,5/26/2044,Sound Transit,APCP,APCP,300,1000,12
6/1/2044,2044,Stella Ignis,Saturn 18,1263599,"$50,544 ","2345 Alder Lane, Redmond, WA 98052",Stella Ignis,6/1/2044,U.S. Department of Defense,APCP,APCP,300,1000,12
6/10/2044,2044,Chase Armstrong,Saturn 18,1436183,"$86,171 ","1234 Evergreen Way, Seattle, WA 98101",Debbie Armstrong,6/10/2044,Armstrong Industrial,APCP,APCP,300,1000,12
6/16/2044,2044,Leo Rockett,Saturn 18,884212,"$88,421 ","4321 Summit Ave, Bellingham, WA 98225",Leo Rockett,6/16/2044,U.S. Department of Defense,APCP,APCP,300,1000,12
6/18/2044,2044,Leo Rockett,Saturn 18,881421,"$88,142 ","4321 Summit Ave, Bellingham, WA 98225",Leo Rockett,6/18/2044,Sound Transit,APCP,APCP,300,1000,12
6/23/2044,2044,Cassio Skyler,Saturn 18,1348444,"$53,938 ","5678 Ridgeview Terrace, Renton, WA 98055",Cassio Skyler,6/23/2044,Amazon,APCP,APCP,300,1000,12
6/27/2044,2044,Leo Rockett,Saturn 18,887605,"$88,761 ","4321 Summit Ave, Bellingham, WA 98225",Leo Rockett,6/27/2044,Sound Transit,APCP,APCP,300,1000,12
7/2/2044,2044,Cassio Skyler,Saturn 18,1286833,"$51,473 ","5678 Ridgeview Terrace, Renton, WA 98055",Cassio Skyler,7/2/2044,Sound Transit,APCP,APCP,300,1000,12
7/4/2044,2044,Vega Zenith,Saturn 18,1353178,"$54,127 ","2468 Cedar St, Everett, WA 98201",Vega Zenith,7/4/2044,U.S. Department of Defense,APCP,APCP,300,1000,12
7/6/2044,2044,Chase Armstrong,Saturn 18,1391595,"$83,496 ","1234 Evergreen Way, Seattle, WA 98101",Debbie Armstrong,7/6/2044,Armstrong Industrial,APCP,APCP,300,1000,12
7/15/2044,2044,Nova Kepler,Saturn 18,1361593,"$54,464 ","987 Pinecrest Blvd, Bellevue, WA 98004",Nova Kepler,7/15/2044,Dick's Drive-In,APCP,APCP,300,1000,12
7/16/2044,2044,Chase Armstrong,Saturn 18,1407425,"$84,446 ","1234 Evergreen Way, Seattle, WA 98101",Debbie Armstrong,7/16/2044,Armstrong Industrial,APCP,APCP,300,1000,12
7/20/2044,2044,Chase Armstrong,Saturn 18,1304002,"$78,240 ","1234 Evergreen Way, Seattle, WA 98101",Debbie Armstrong,7/20/2044,Armstrong Industrial,APCP,APCP,300,1000,12
7/28/2044,2044,Cassio Skyler,Saturn 18,1291559,"$51,662 ","5678 Ridgeview Terrace, Renton, WA 98055",Cassio Skyler,7/28/2044,Dick's Drive-In,APCP,APCP,300,1000,12
7/31/2044,2044,Leo Rockett,Saturn 18,822706,"$82,271 ","4321 Summit Ave, Bellingham, WA 98225",Leo Rockett,7/31/2044,U.S. Department of Defense,APCP,APCP,300,1000,12
8/3/2044,2044,Chase Armstrong,Saturn 18,1347025,"$80,822 ","1234 Evergreen Way, Seattle, WA 98101",Debbie Armstrong,8/3/2044,Armstrong Industrial,APCP,APCP,300,1000,12
8/5/2044,2044,Chase Armstrong,Saturn 18,1328694,"$79,722 ","1234 Evergreen Way, Seattle, WA 98101",Debbie Armstrong,8/5/2044,Armstrong Industrial,APCP,APCP,300,1000,12
8/7/2044,2044,Cassio Skyler,Saturn 18,1286024,"$51,441 ","5678 Ridgeview Terrace, Renton, WA 98055",Cassio Skyler,8/7/2044,U.S. Department of Defense,APCP,APCP,300,1000,12
8/12/2044,2044,Chase Armstrong,Saturn 18,1417927,"$85,076 ","1234 Evergreen Way, Seattle, WA 98101",Debbie Armstrong,8/12/2044,Armstrong Industrial,APCP,APCP,300,1000,12
8/16/2044,2044,Cassio Skyler,Saturn 18,1348661,"$53,946 ","5678 Ridgeview Terrace, Renton, WA 98055",Cassio Skyler,8/16/2044,Dick's Drive-In,APCP,APCP,300,1000,12
8/21/2044,2044,Leo Rockett,Saturn 18,859326,"$85,933 ","4321 Summit Ave, Bellingham, WA 98225",Leo Rockett,8/21/2044,Sound Transit,APCP,APCP,300,1000,12
8/23/2044,2044,Chase Armstrong,Saturn 18,1423362,"$85,402 ","1234 Evergreen Way, Seattle, WA 98101",Debbie Armstrong,8/23/2044,Armstrong Industrial,APCP,APCP,300,1000,12
8/28/2044,2044,Chase Armstrong,Saturn 18,1422300,"$85,338 ","1234 Evergreen Way, Seattle, WA 98101",Debbie Armstrong,8/28/2044,Armstrong Industrial,APCP,APCP,300,1000,12
9/5/2044,2044,Cassio Skyler,Saturn 18,1344728,"$53,789 ","5678 Ridgeview Terrace, Renton, WA 98055",Cassio Skyler,9/5/2044,Sound Transit,APCP,APCP,300,1000,12
9/13/2044,2044,Vega Zenith,Saturn 18,1356427,"$54,257 ","2468 Cedar St, Everett, WA 98201",Vega Zenith,9/13/2044,Dick's Drive-In,APCP,APCP,300,1000,12
9/25/2044,2044,Atlas Ryder,Saturn 18,1308519,"$52,341 ","1357 Rainier Rd, Kirkland, WA 98033",Atlas Ryder,9/25/2044,Sound Transit,APCP,APCP,300,1000,12
9/29/2044,2044,Atlas Ryder,Saturn 18,1317447,"$52,698 ","1357 Rainier Rd, Kirkland, WA 98033",Atlas Ryder,9/29/2044,U.S. Department of Defense,APCP,APCP,300,1000,12
10/4/2044,2044,Chase Armstrong,Saturn 18,1359314,"$81,559 ","1234 Evergreen Way, Seattle, WA 98101",Debbie Armstrong,10/4/2044,Armstrong Industrial,APCP,APCP,300,1000,12
10/5/2044,2044,Nova Kepler,Saturn 18,1299910,"$51,996 ","987 Pinecrest Blvd, Bellevue, WA 98004",Nova Kepler,10/5/2044,Dick's Drive-In,APCP,APCP,300,1000,12
10/11/2044,2044,Leo Rockett,Saturn 18,919412,"$91,941 ","4321 Summit Ave, Bellingham, WA 98225",Leo Rockett,10/11/2044,Pagliacci Pizza,APCP,APCP,300,1000,12
10/12/2044,2044,Chase Armstrong,Saturn 18,1367884,"$82,073 ","1234 Evergreen Way, Seattle, WA 98101",Debbie Armstrong,10/12/2044,Armstrong Industrial,APCP,APCP,300,1000,12
10/20/2044,2044,Leo Rockett,Saturn 18,872912,"$87,291 ","4321 Summit Ave, Bellingham, WA 98225",Leo Rockett,10/20/2044,Pagliacci Pizza,APCP,APCP,300,1000,12
10/24/2044,2044,Vega Zenith,Saturn 18,1304382,"$52,175 ","2468 Cedar St, Everett, WA 98201",Vega Zenith,10/24/2044,Armstrong Industrial,APCP,APCP,300,1000,12
10/30/2044,2044,Chase Armstrong,Saturn 18,1395933,"$83,756 ","1234 Evergreen Way, Seattle, WA 98101",Debbie Armstrong,10/30/2044,Armstrong Industrial,APCP,APCP,300,1000,12
11/8/2044,2044,Leo Rockett,Saturn 18,842820,"$84,282 ","4321 Summit Ave, Bellingham, WA 98225",Leo Rockett,11/8/2044,Sound Transit,APCP,APCP,300,1000,12
11/15/2044,2044,Leo Rockett,Saturn 18,906571,"$90,657 ","4321 Summit Ave, Bellingham, WA 98225",Leo Rockett,11/15/2044,Armstrong Industrial,APCP,APCP,300,1000,12
11/22/2044,2044,Nova Kepler,Saturn 18,1435592,"$57,424 ","987 Pinecrest Blvd, Bellevue, WA 98004",Nova Kepler,11/22/2044,Amazon,APCP,APCP,300,1000,12
11/25/2044,2044,Chase Armstrong,Saturn 18,1383404,"$83,004 ","1234 Evergreen Way, Seattle, WA 98101",Debbie Armstrong,11/25/2044,Armstrong Industrial,APCP,APCP,300,1000,12
11/26/2044,2044,Chase Armstrong,Saturn 18,1356770,"$81,406 ","1234 Evergreen Way, Seattle, WA 98101",Debbie Armstrong,11/26/2044,Armstrong Industrial,APCP,APCP,300,1000,12
11/28/2044,2044,Cassio Skyler,Saturn 18,1246795,"$49,872 ","5678 Ridgeview Terrace, Renton, WA 98055",Cassio Skyler,11/28/2044,U.S. Department of Defense,APCP,APCP,300,1000,12
11/29/2044,2044,Leo Rockett,Saturn 18,922255,"$92,226 ","4321 Summit Ave, Bellingham, WA 98225",Leo Rockett,11/29/2044,U.S. Department of Defense,APCP,APCP,300,1000,12
12/3/2044,2044,Atlas Ryder,Saturn 18,1238562,"$49,542 ","1357 Rainier Rd, Kirkland, WA 98033",Atlas Ryder,12/3/2044,Boeing,APCP,APCP,300,1000,12
12/5/2044,2044,Leo Rockett,Saturn 18,841300,"$84,130 ","4321 Summit Ave, Bellingham, WA 98225",Leo Rockett,12/5/2044,Dick's Drive-In,APCP,APCP,300,1000,12
12/7/2044,2044,Leo Rockett,Saturn 18,880506,"$88,051 ","4321 Summit Ave, Bellingham, WA 98225",Leo Rockett,12/7/2044,Dick's Drive-In,APCP,APCP,300,1000,12
12/23/2044,2044,Chase Armstrong,Saturn 18,1348337,"$80,900 ","1234 Evergreen Way, Seattle, WA 98101",Debbie Armstrong,12/23/2044,Armstrong Industrial,APCP,APCP,300,1000,12
12/25/2044,2044,Leo Rockett,Saturn 18,836517,"$83,652 ","4321 Summit Ave, Bellingham, WA 98225",Leo Rockett,12/25/2044,Boeing,APCP,APCP,300,1000,12
12/27/2044,2044,Vega Zenith,Saturn 18,1254676,"$50,187 ","2468 Cedar St, Everett, WA 98201",Vega Zenith,12/27/2044,Dick's Drive-In,APCP,APCP,300,1000,12
12/28/2044,2044,Vega Zenith,Saturn 18,1305138,"$52,206 ","2468 Cedar St, Everett, WA 98201",Vega Zenith,12/28/2044,Sound Transit,APCP,APCP,300,1000,12
12/29/2044,2044,Nova Kepler,Saturn 18,1323659,"$52,946 ","987 Pinecrest Blvd, Bellevue, WA 98004",Nova Kepler,12/29/2044,Amazon,APCP,APCP,300,1000,12
1/2/2045,2045,Nova Kepler,Saturn 18,1423625,"$56,945 ","987 Pinecrest Blvd, Bellevue, WA 98004",Nova Kepler,1/2/2045,Amazon,APCP,APCP,300,1000,12
1/4/2045,2045,Cassio Skyler,Saturn 18,1358300,"$54,332 ","5678 Ridgeview Terrace, Renton, WA 98055",Cassio Skyler,1/4/2045,Boeing,APCP,APCP,300,1000,12
1/10/2045,2045,Leo Rockett,Saturn 18,890635,"$89,064 ","4321 Summit Ave, Bellingham, WA 98225",Leo Rockett,1/10/2045,Dick's Drive-In,APCP,APCP,300,1000,12
1/16/2045,2045,Leo Rockett,Saturn 18,893278,"$89,328 ","4321 Summit Ave, Bellingham, WA 98225",Leo Rockett,1/16/2045,Dick's Drive-In,APCP,APCP,300,1000,12
1/27/2045,2045,Chase Armstrong,Saturn 18,1298535,"$77,912 ","1234 Evergreen Way, Seattle, WA 98101",Debbie Armstrong,1/27/2045,Armstrong Industrial,APCP,APCP,300,1000,12
2/1/2045,2045,Leo Rockett,Saturn 18,844132,"$84,413 ","4321 Summit Ave, Bellingham, WA 98225",Leo Rockett,2/1/2045,Armstrong Industrial,APCP,APCP,300,1000,12
2/10/2045,2045,Chase Armstrong,Saturn 18,1399475,"$83,969 ","1234 Evergreen Way, Seattle, WA 98101",Debbie Armstrong,2/10/2045,Armstrong Industrial,APCP,APCP,300,1000,12
2/19/2045,2045,Chase Armstrong,Saturn 18,1318123,"$79,087 ","1234 Evergreen Way, Seattle, WA 98101",Debbie Armstrong,2/19/2045,Armstrong Industrial,APCP,APCP,300,1000,12
2/27/2045,2045,Leo Rockett,Saturn 18,919486,"$91,949 ","4321 Summit Ave, Bellingham, WA 98225",Leo Rockett,2/27/2045,Sound Transit,APCP,APCP,300,1000,12
3/2/2045,2045,Cassio Skyler,Saturn 18,1250550,"$50,022 ","5678 Ridgeview Terrace, Renton, WA 98055",Cassio Skyler,3/2/2045,Dick's Drive-In,APCP,APCP,300,1000,12
3/16/2045,2045,Chase Armstrong,Saturn 18,1357743,"$81,465 ","1234 Evergreen Way, Seattle, WA 98101",Debbie Armstrong,3/16/2045,Armstrong Industrial,APCP,APCP,300,1000,12
3/23/2045,2045,Leo Rockett,Saturn 18,892345,"$89,235 ","4321 Summit Ave, Bellingham, WA 98225",Leo Rockett,3/23/2045,Amazon,APCP,APCP,300,1000,12
3/27/2045,2045,Vega Zenith,Saturn 18,1224335,"$48,973 ","2468 Cedar St, Everett, WA 98201",Vega Zenith,3/27/2045,Amazon,APCP,APCP,300,1000,12
3/31/2045,2045,Chase Armstrong,Saturn 18,1424641,"$85,478 ","1234 Evergreen Way, Seattle, WA 98101",Debbie Armstrong,3/31/2045,Armstrong Industrial,APCP,APCP,300,1000,12
4/4/2045,2045,Leo Rockett,Saturn 18,893412,"$89,341 ","4321 Summit Ave, Bellingham, WA 98225",Leo Rockett,4/4/2045,Dick's Drive-In,APCP,APCP,300,1000,12
5/8/2045,2045,Nova Kepler,Saturn 18,1428488,"$57,140 ","987 Pinecrest Blvd, Bellevue, WA 98004",Nova Kepler,5/8/2045,U.S. Department of Defense,APCP,APCP,300,1000,12
5/16/2045,2045,Chase Armstrong,Saturn 18,1397868,"$83,872 ","1234 Evergreen Way, Seattle, WA 98101",Debbie Armstrong,5/16/2045,Armstrong Industrial,APCP,APCP,300,1000,12
5/18/2045,2045,Leo Rockett,Saturn 18,887138,"$88,714 ","4321 Summit Ave, Bellingham, WA 98225",Leo Rockett,5/18/2045,Sound Transit,APCP,APCP,300,1000,12
5/23/2045,2045,Stella Ignis,Saturn 18,1226341,"$49,054 ","2345 Alder Lane, Redmond, WA 98052",Stella Ignis,5/23/2045,Amazon,APCP,APCP,300,1000,12
5/25/2045,2045,Chase Armstrong,Saturn 18,1409530,"$84,572 ","1234 Evergreen Way, Seattle, WA 98101",Debbie Armstrong,5/25/2045,Armstrong Industrial,APCP,APCP,300,1000,12
6/23/2045,2045,Atlas Ryder,Saturn 18,1352498,"$54,100 ","1357 Rainier Rd, Kirkland, WA 98033",Atlas Ryder,6/23/2045,Boeing,APCP,APCP,300,1000,12
7/3/2045,2045,Chase Armstrong,Saturn 18,1379146,"$82,749 ","1234 Evergreen Way, Seattle, WA 98101",Debbie Armstrong,7/3/2045,Armstrong Industrial,APCP,APCP,300,1000,12
7/6/2045,2045,Leo Rockett,Saturn 18,897594,"$89,759 ","4321 Summit Ave, Bellingham, WA 98225",Leo Rockett,7/6/2045,Sound Transit,APCP,APCP,300,1000,12
7/10/2045,2045,Leo Rockett,Saturn 18,847113,"$84,711 ","4321 Summit Ave, Bellingham, WA 98225",Leo Rockett,7/10/2045,Amazon,APCP,APCP,300,1000,12
7/16/2045,2045,Cassio Skyler,Saturn 18,1291736,"$51,669 ","5678 Ridgeview Terrace, Renton, WA 98055",Cassio Skyler,7/16/2045,U.S. Department of Defense,APCP,APCP,300,1000,12
7/24/2045,2045,Leo Rockett,Saturn 18,876450,"$87,645 ","4321 Summit Ave, Bellingham, WA 98225",Leo Rockett,7/24/2045,Sound Transit,APCP,APCP,300,1000,12
8/13/2045,2045,Nova Kepler,Saturn 18,1353791,"$54,152 ","987 Pinecrest Blvd, Bellevue, WA 98004",Nova Kepler,8/13/2045,U.S. Department of Defense,APCP,APCP,300,1000,12
8/16/2045,2045,Nova Kepler,Saturn 18,1438860,"$57,554 ","987 Pinecrest Blvd, Bellevue, WA 98004",Nova Kepler,8/16/2045,U.S. Department of Defense,APCP,APCP,300,1000,12
8/17/2045,2045,Leo Rockett,Saturn 18,838109,"$83,811 ","4321 Summit Ave, Bellingham, WA 98225",Leo Rockett,8/17/2045,Dick's Drive-In,APCP,APCP,300,1000,12
8/19/2045,2045,Leo Rockett,Saturn 18,847905,"$84,791 ","4321 Summit Ave, Bellingham, WA 98225",Leo Rockett,8/19/2045,Pagliacci Pizza,APCP,APCP,300,1000,12
9/3/2045,2045,Vega Zenith,Saturn 18,1273085,"$50,923 ","2468 Cedar St, Everett, WA 98201",Vega Zenith,9/3/2045,Dick's Drive-In,APCP,APCP,300,1000,12
9/4/2045,2045,Chase Armstrong,Saturn 18,1437665,"$86,260 ","1234 Evergreen Way, Seattle, WA 98101",Debbie Armstrong,9/4/2045,Armstrong Industrial,APCP,APCP,300,1000,12
9/7/2045,2045,Leo Rockett,Saturn 18,934291,"$93,429 ","4321 Summit Ave, Bellingham, WA 98225",Leo Rockett,9/7/2045,U.S. Department of Defense,APCP,APCP,300,1000,12
9/14/2045,2045,Chase Armstrong,Saturn 18,1347858,"$80,871 ","1234 Evergreen Way, Seattle, WA 98101",Debbie Armstrong,9/14/2045,Armstrong Industrial,APCP,APCP,300,1000,12
9/22/2045,2045,Chase Armstrong,Saturn 18,1320268,"$79,216 ","1234 Evergreen Way, Seattle, WA 98101",Debbie Armstrong,9/22/2045,Armstrong Industrial,APCP,APCP,300,1000,12
9/25/2045,2045,Cassio Skyler,Saturn 18,1231863,"$49,275 ","5678 Ridgeview Terrace, Renton, WA 98055",Cassio Skyler,9/25/2045,Pagliacci Pizza,APCP,APCP,300,1000,12
9/29/2045,2045,Chase Armstrong,Saturn 18,1364890,"$81,893 ","1234 Evergreen Way, Seattle, WA 98101",Debbie Armstrong,9/29/2045,Armstrong Industrial,APCP,APCP,300,1000,12
10/9/2045,2045,Atlas Ryder,Saturn 18,1345457,"$53,818 ","1357 Rainier Rd, Kirkland, WA 98033",Atlas Ryder,10/9/2045,Sound Transit,APCP,APCP,300,1000,12
10/16/2045,2045,Leo Rockett,Saturn 18,889251,"$88,925 ","4321 Summit Ave, Bellingham, WA 98225",Leo Rockett,10/16/2045,Sound Transit,APCP,APCP,300,1000,12
11/11/2045,2045,Chase Armstrong,Saturn 18,1406602,"$84,396 ","1234 Evergreen Way, Seattle, WA 98101",Debbie Armstrong,11/11/2045,Armstrong Industrial,APCP,APCP,300,1000,12
11/17/2045,2045,Vega Zenith,Saturn 18,1268235,"$50,729 ","2468 Cedar St, Everett, WA 98201",Vega Zenith,11/17/2045,Dick's Drive-In,APCP,APCP,300,1000,12
11/18/2045,2045,Leo Rockett,Saturn 18,933822,"$93,382 ","4321 Summit Ave, Bellingham, WA 98225",Leo Rockett,11/18/2045,Armstrong Industrial,APCP,APCP,300,1000,12
11/19/2045,2045,Chase Armstrong,Saturn 18,1336998,"$80,220 ","1234 Evergreen Way, Seattle, WA 98101",Debbie Armstrong,11/19/2045,Armstrong Industrial,APCP,APCP,300,1000,12
11/24/2045,2045,Chase Armstrong,Saturn 18,1408735,"$84,524 ","1234 Evergreen Way, Seattle, WA 98101",Debbie Armstrong,11/24/2045,Armstrong Industrial,APCP,APCP,300,1000,12
12/16/2045,2045,Leo Rockett,Saturn 18,845272,"$84,527 ","4321 Summit Ave, Bellingham, WA 98225",Leo Rockett,12/16/2045,Dick's Drive-In,APCP,APCP,300,1000,12
12/18/2045,2045,Orion Blaze,Saturn 18,1425847,"$42,775 ","4567 Cascade Ave, Tacoma, WA 98402",Orion Blaze,12/18/2045,Amazon,APCP,APCP,300,1000,12
12/21/2045,2045,Atlas Ryder,Saturn 18,1280591,"$51,224 ","1357 Rainier Rd, Kirkland, WA 98033",Atlas Ryder,12/21/2045,Boeing,APCP,APCP,300,1000,12
12/24/2045,2045,Nova Kepler,Saturn 18,1372445,"$54,898 ","987 Pinecrest Blvd, Bellevue, WA 98004",Nova Kepler,12/24/2045,Dick's Drive-In,APCP,APCP,300,1000,12
1/16/2046,2046,Vega Zenith,Saturn 18,1301901,"$52,076 ","2468 Cedar St, Everett, WA 98201",Vega Zenith,1/16/2046,Dick's Drive-In,APCP,APCP,300,1000,12
1/20/2046,2046,Nova Kepler,Saturn 18,1318542,"$52,742 ","987 Pinecrest Blvd, Bellevue, WA 98004",Nova Kepler,1/20/2046,Amazon,APCP,APCP,300,1000,12
1/24/2046,2046,Atlas Ryder,Saturn 18,1301700,"$52,068 ","1357 Rainier Rd, Kirkland, WA 98033",Atlas Ryder,1/24/2046,Dick's Drive-In,APCP,APCP,300,1000,12
1/31/2046,2046,Vega Zenith,Saturn 18,1252732,"$50,109 ","2468 Cedar St, Everett, WA 98201",Vega Zenith,1/31/2046,Sound Transit,APCP,APCP,300,1000,12
2/4/2046,2046,Leo Rockett,Saturn 18,905181,"$90,518 ","4321 Summit Ave, Bellingham, WA 98225",Leo Rockett,2/4/2046,Dick's Drive-In,APCP,APCP,300,1000,12
2/5/2046,2046,Luna Vector,Saturn 18,1240974,"$62,049 ","7890 Harbor St, Spokane, WA 99201",Luna Vector,2/5/2046,Dick's Drive-In,APCP,APCP,300,1000,12
3/3/2046,2046,Leo Rockett,Saturn 18,823097,"$82,310 ","4321 Summit Ave, Bellingham, WA 98225",Leo Rockett,3/3/2046,Sound Transit,APCP,APCP,300,1000,12
3/11/2046,2046,Orion Blaze,Saturn 18,1414468,"$42,434 ","4567 Cascade Ave, Tacoma, WA 98402",Orion Blaze,3/11/2046,Dick's Drive-In,APCP,APCP,300,1000,12
3/27/2046,2046,Vega Zenith,Saturn 18,1258820,"$50,353 ","2468 Cedar St, Everett, WA 98201",Vega Zenith,3/27/2046,Pagliacci Pizza,APCP,APCP,300,1000,12
3/31/2046,2046,Leo Rockett,Saturn 18,839087,"$83,909 ","4321 Summit Ave, Bellingham, WA 98225",Leo Rockett,3/31/2046,Boeing,APCP,APCP,300,1000,12
4/1/2046,2046,Leo Rockett,Saturn 18,839215,"$83,922 ","4321 Summit Ave, Bellingham, WA 98225",Leo Rockett,4/1/2046,Dick's Drive-In,APCP,APCP,300,1000,12
4/10/2046,2046,Chase Armstrong,Saturn 18,1414871,"$84,892 ","1234 Evergreen Way, Seattle, WA 98101",Debbie Armstrong,4/10/2046,Armstrong Industrial,APCP,APCP,300,1000,12
4/15/2046,2046,Leo Rockett,Saturn 18,935234,"$93,523 ","4321 Summit Ave, Bellingham, WA 98225",Leo Rockett,4/15/2046,Pagliacci Pizza,APCP,APCP,300,1000,12
4/23/2046,2046,Leo Rockett,Saturn 18,910666,"$91,067 ","4321 Summit Ave, Bellingham, WA 98225",Leo Rockett,4/23/2046,Dick's Drive-In,APCP,APCP,300,1000,12
5/11/2046,2046,Chase Armstrong,Saturn 18,1378179,"$82,691 ","1234 Evergreen Way, Seattle, WA 98101",Debbie Armstrong,5/11/2046,Armstrong Industrial,APCP,APCP,300,1000,12
5/13/2046,2046,Cassio Skyler,Saturn 18,1225625,"$49,025 ","5678 Ridgeview Terrace, Renton, WA 98055",Cassio Skyler,5/13/2046,U.S. Department of Defense,APCP,APCP,300,1000,12
5/15/2046,2046,Atlas Ryder,Saturn 18,1243017,"$49,721 ","1357 Rainier Rd, Kirkland, WA 98033",Atlas Ryder,5/15/2046,U.S. Department of Defense,APCP,APCP,300,1000,12
5/17/2046,2046,Chase Armstrong,Saturn 18,1302812,"$78,169 ","1234 Evergreen Way, Seattle, WA 98101",Debbie Armstrong,5/17/2046,Armstrong Industrial,APCP,APCP,300,1000,12
5/25/2046,2046,Leo Rockett,Saturn 18,812732,"$81,273 ","4321 Summit Ave, Bellingham, WA 98225",Leo Rockett,5/25/2046,Dick's Drive-In,APCP,APCP,300,1000,12
5/30/2046,2046,Chase Armstrong,Saturn 18,1320369,"$79,222 ","1234 Evergreen Way, Seattle, WA 98101",Debbie Armstrong,5/30/2046,Armstrong Industrial,APCP,APCP,300,1000,12
6/3/2046,2046,Leo Rockett,Saturn 18,830297,"$83,030 ","4321 Summit Ave, Bellingham, WA 98225",Leo Rockett,6/3/2046,Dick's Drive-In,APCP,APCP,300,1000,12
6/6/2046,2046,Cassio Skyler,Saturn 18,1297112,"$51,884 ","5678 Ridgeview Terrace, Renton, WA 98055",Cassio Skyler,6/6/2046,Dick's Drive-In,APCP,APCP,300,1000,12
6/10/2046,2046,Vega Zenith,Saturn 18,1231515,"$49,261 ","2468 Cedar St, Everett, WA 98201",Vega Zenith,6/10/2046,Dick's Drive-In,APCP,APCP,300,1000,12
6/16/2046,2046,Leo Rockett,Saturn 18,793772,"$79,377 ","4321 Summit Ave, Bellingham, WA 98225",Leo Rockett,6/16/2046,Amazon,APCP,APCP,300,1000,12
6/26/2046,2046,Cassio Skyler,Saturn 18,1275060,"$51,002 ","5678 Ridgeview Terrace, Renton, WA 98055",Cassio Skyler,6/26/2046,Pagliacci Pizza,APCP,APCP,300,1000,12
7/15/2046,2046,Vega Zenith,Saturn 18,1304250,"$52,170 ","2468 Cedar St, Everett, WA 98201",Vega Zenith,7/15/2046,Dick's Drive-In,APCP,APCP,300,1000,12
7/18/2046,2046,Chase Armstrong,Saturn 18,1430810,"$85,849 ","1234 Evergreen Way, Seattle, WA 98101",Debbie Armstrong,7/18/2046,Armstrong Industrial,APCP,APCP,300,1000,12
8/3/2046,2046,Cassio Skyler,Saturn 18,1228501,"$49,140 ","5678 Ridgeview Terrace, Renton, WA 98055",Cassio Skyler,8/3/2046,Dick's Drive-In,APCP,APCP,300,1000,12
8/8/2046,2046,Leo Rockett,Saturn 18,916930,"$91,693 ","4321 Summit Ave, Bellingham, WA 98225",Leo Rockett,8/8/2046,Sound Transit,APCP,APCP,300,1000,12
8/15/2046,2046,Vega Zenith,Saturn 18,1238252,"$49,530 ","2468 Cedar St, Everett, WA 98201",Vega Zenith,8/15/2046,U.S. Department of Defense,APCP,APCP,300,1000,12
8/25/2046,2046,Chase Armstrong,Saturn 18,1381906,"$82,914 ","1234 Evergreen Way, Seattle, WA 98101",Debbie Armstrong,8/25/2046,Armstrong Industrial,APCP,APCP,300,1000,12
8/30/2046,2046,Atlas Ryder,Saturn 18,1297657,"$51,906 ","1357 Rainier Rd, Kirkland, WA 98033",Atlas Ryder,8/30/2046,U.S. Department of Defense,APCP,APCP,300,1000,12
9/3/2046,2046,Chase Armstrong,Saturn 18,1297515,"$77,851 ","1234 Evergreen Way, Seattle, WA 98101",Debbie Armstrong,9/3/2046,Armstrong Industrial,APCP,APCP,300,1000,12
9/7/2046,2046,Leo Rockett,Saturn 18,812398,"$81,240 ","4321 Summit Ave, Bellingham, WA 98225",Leo Rockett,9/7/2046,U.S. Department of Defense,APCP,APCP,300,1000,12
9/17/2046,2046,Leo Rockett,Saturn 18,852955,"$85,296 ","4321 Summit Ave, Bellingham, WA 98225",Leo Rockett,9/17/2046,Dick's Drive-In,APCP,APCP,300,1000,12
9/18/2046,2046,Vega Zenith,Saturn 18,1333695,"$53,348 ","2468 Cedar St, Everett, WA 98201",Vega Zenith,9/18/2046,Dick's Drive-In,APCP,APCP,300,1000,12
9/28/2046,2046,Chase Armstrong,Saturn 18,1324116,"$79,447 ","1234 Evergreen Way, Seattle, WA 98101",Debbie Armstrong,9/28/2046,Armstrong Industrial,APCP,APCP,300,1000,12
9/29/2046,2046,Leo Rockett,Saturn 18,889158,"$88,916 ","4321 Summit Ave, Bellingham, WA 98225",Leo Rockett,9/29/2046,Sound Transit,APCP,APCP,300,1000,12
10/1/2046,2046,Atlas Ryder,Saturn 18,1366215,"$54,649 ","1357 Rainier Rd, Kirkland, WA 98033",Atlas Ryder,10/1/2046,U.S. Department of Defense,APCP,APCP,300,1000,12
10/4/2046,2046,Leo Rockett,Saturn 18,799530,"$79,953 ","4321 Summit Ave, Bellingham, WA 98225",Leo Rockett,10/4/2046,Sound Transit,APCP,APCP,300,1000,12
10/11/2046,2046,Atlas Ryder,Saturn 18,1285666,"$51,427 ","1357 Rainier Rd, Kirkland, WA 98033",Atlas Ryder,10/11/2046,U.S. Department of Defense,APCP,APCP,300,1000,12
10/13/2046,2046,Leo Rockett,Saturn 18,922753,"$92,275 ","4321 Summit Ave, Bellingham, WA 98225",Leo Rockett,10/13/2046,Sound Transit,APCP,APCP,300,1000,12
10/17/2046,2046,Leo Rockett,Saturn 18,847702,"$84,770 ","4321 Summit Ave, Bellingham, WA 98225",Leo Rockett,10/17/2046,Boeing,APCP,APCP,300,1000,12
10/23/2046,2046,Chase Armstrong,Saturn 18,1395147,"$83,709 ","1234 Evergreen Way, Seattle, WA 98101",Debbie Armstrong,10/23/2046,Armstrong Industrial,APCP,APCP,300,1000,12
11/5/2046,2046,Vega Zenith,Saturn 18,1262897,"$50,516 ","2468 Cedar St, Everett, WA 98201",Vega Zenith,11/5/2046,Dick's Drive-In,APCP,APCP,300,1000,12
11/15/2046,2046,Chase Armstrong,Saturn 18,1431521,"$85,891 ","1234 Evergreen Way, Seattle, WA 98101",Debbie Armstrong,11/15/2046,Armstrong Industrial,APCP,APCP,300,1000,12
11/18/2046,2046,Chase Armstrong,Saturn 18,1343323,"$80,599 ","1234 Evergreen Way, Seattle, WA 98101",Debbie Armstrong,11/18/2046,Armstrong Industrial,APCP,APCP,300,1000,12
11/20/2046,2046,Leo Rockett,Saturn 18,844903,"$84,490 ","4321 Summit Ave, Bellingham, WA 98225",Leo Rockett,11/20/2046,Dick's Drive-In,APCP,APCP,300,1000,12
11/24/2046,2046,Luna Vector,Saturn 18,1264115,"$63,206 ","7890 Harbor St, Spokane, WA 99201",Luna Vector,11/24/2046,Dick's Drive-In,APCP,APCP,300,1000,12
12/4/2046,2046,Chase Armstrong,Saturn 18,1408183,"$84,491 ","1234 Evergreen Way, Seattle, WA 98101",Debbie Armstrong,12/4/2046,Armstrong Industrial,APCP,APCP,300,1000,12
12/26/2046,2046,Chase Armstrong,Saturn 18,1372774,"$82,366 ","1234 Evergreen Way, Seattle, WA 98101",Debbie Armstrong,12/26/2046,Armstrong Industrial,APCP,APCP,300,1000,12
1/13/2047,2047,Chase Armstrong,Saturn 18,1343658,"$80,619 ","1234 Evergreen Way, Seattle, WA 98101",Debbie Armstrong,1/13/2047,Armstrong Industrial,APCP,APCP,300,1000,12
1/25/2047,2047,Leo Rockett,Saturn 18,881720,"$88,172 ","4321 Summit Ave, Bellingham, WA 98225",Leo Rockett,1/25/2047,Sound Transit,APCP,APCP,300,1000,12
2/7/2047,2047,Chase Armstrong,Saturn 18,1416595,"$84,996 ","1234 Evergreen Way, Seattle, WA 98101",Debbie Armstrong,2/7/2047,Armstrong Industrial,APCP,APCP,300,1000,12
2/11/2047,2047,Chase Armstrong,Saturn 18,1379370,"$82,762 ","1234 Evergreen Way, Seattle, WA 98101",Debbie Armstrong,2/11/2047,Armstrong Industrial,APCP,APCP,300,1000,12
3/9/2047,2047,Chase Armstrong,Saturn 18,1399399,"$83,964 ","1234 Evergreen Way, Seattle, WA 98101",Debbie Armstrong,3/9/2047,Armstrong Industrial,APCP,APCP,300,1000,12
3/18/2047,2047,Atlas Ryder,Saturn 18,1315920,"$52,637 ","1357 Rainier Rd, Kirkland, WA 98033",Atlas Ryder,3/18/2047,Dick's Drive-In,APCP,APCP,300,1000,12
5/17/2047,2047,Chase Armstrong,Saturn 18,1431862,"$85,912 ","1234 Evergreen Way, Seattle, WA 98101",Debbie Armstrong,5/17/2047,Armstrong Industrial,APCP,APCP,300,1000,12
6/1/2047,2047,Leo Rockett,Saturn 18,864752,"$86,475 ","4321 Summit Ave, Bellingham, WA 98225",Leo Rockett,6/1/2047,Pagliacci Pizza,APCP,APCP,300,1000,12
6/6/2047,2047,Leo Rockett,Saturn 18,850227,"$85,023 ","4321 Summit Ave, Bellingham, WA 98225",Leo Rockett,6/6/2047,Pagliacci Pizza,APCP,APCP,300,1000,12
7/15/2047,2047,Chase Armstrong,Saturn 18,1429463,"$85,768 ","1234 Evergreen Way, Seattle, WA 98101",Debbie Armstrong,7/15/2047,Armstrong Industrial,APCP,APCP,300,1000,12
7/17/2047,2047,Vega Zenith,Saturn 18,1274451,"$50,978 ","2468 Cedar St, Everett, WA 98201",Vega Zenith,7/17/2047,Amazon,APCP,APCP,300,1000,12
7/26/2047,2047,Leo Rockett,Saturn 18,836698,"$83,670 ","4321 Summit Ave, Bellingham, WA 98225",Leo Rockett,7/26/2047,U.S. Department of Defense,APCP,APCP,300,1000,12
8/8/2047,2047,Leo Rockett,Saturn 18,829461,"$82,946 ","4321 Summit Ave, Bellingham, WA 98225",Leo Rockett,8/8/2047,Dick's Drive-In,APCP,APCP,300,1000,12
8/20/2047,2047,Vega Zenith,Saturn 18,1319600,"$52,784 ","2468 Cedar St, Everett, WA 98201",Vega Zenith,8/20/2047,Dick's Drive-In,APCP,APCP,300,1000,12
8/29/2047,2047,Vega Zenith,Saturn 18,1230263,"$49,211 ","2468 Cedar St, Everett, WA 98201",Vega Zenith,8/29/2047,Sound Transit,APCP,APCP,300,1000,12
9/7/2047,2047,Leo Rockett,Saturn 18,852733,"$85,273 ","4321 Summit Ave, Bellingham, WA 98225",Leo Rockett,9/7/2047,Amazon,APCP,APCP,300,1000,12
9/10/2047,2047,Chase Armstrong,Saturn 18,1314428,"$78,866 ","1234 Evergreen Way, Seattle, WA 98101",Debbie Armstrong,9/10/2047,Armstrong Industrial,APCP,APCP,300,1000,12
9/14/2047,2047,Nova Kepler,Saturn 18,1362245,"$54,490 ","987 Pinecrest Blvd, Bellevue, WA 98004",Nova Kepler,9/14/2047,U.S. Department of Defense,APCP,APCP,300,1000,12
10/11/2047,2047,Nova Kepler,Saturn 18,1351994,"$54,080 ","987 Pinecrest Blvd, Bellevue, WA 98004",Nova Kepler,10/11/2047,Sound Transit,APCP,APCP,300,1000,12
11/19/2047,2047,Vega Zenith,Saturn 18,1356063,"$54,243 ","2468 Cedar St, Everett, WA 98201",Vega Zenith,11/19/2047,U.S. Department of Defense,APCP,APCP,300,1000,12
11/21/2047,2047,Nova Kepler,Saturn 18,1384235,"$55,369 ","987 Pinecrest Blvd, Bellevue, WA 98004",Nova Kepler,11/21/2047,Sound Transit,APCP,APCP,300,1000,12
12/5/2047,2047,Leo Rockett,Saturn 18,803022,"$80,302 ","4321 Summit Ave, Bellingham, WA 98225",Leo Rockett,12/5/2047,Dick's Drive-In,APCP,APCP,300,1000,12
12/18/2047,2047,Leo Rockett,Saturn 18,872506,"$87,251 ","4321 Summit Ave, Bellingham, WA 98225",Leo Rockett,12/18/2047,Sound Transit,APCP,APCP,300,1000,12
1/7/2048,2048,Cassio Skyler,Saturn 18,1269089,"$50,764 ","5678 Ridgeview Terrace, Renton, WA 98055",Cassio Skyler,1/7/2048,Pagliacci Pizza,APCP,APCP,300,1000,12
1/8/2048,2048,Chase Armstrong,Saturn 18,1320533,"$79,232 ","1234 Evergreen Way, Seattle, WA 98101",Debbie Armstrong,1/8/2048,Armstrong Industrial,APCP,APCP,300,1000,12
1/17/2048,2048,Nova Kepler,Saturn 18,1408439,"$56,338 ","987 Pinecrest Blvd, Bellevue, WA 98004",Nova Kepler,1/17/2048,U.S. Department of Defense,APCP,APCP,300,1000,12
1/20/2048,2048,Cassio Skyler,Saturn 18,1289278,"$51,571 ","5678 Ridgeview Terrace, Renton, WA 98055",Cassio Skyler,1/20/2048,Pagliacci Pizza,APCP,APCP,300,1000,12
1/29/2048,2048,Leo Rockett,Saturn 18,899945,"$89,995 ","4321 Summit Ave, Bellingham, WA 98225",Leo Rockett,1/29/2048,Armstrong Industrial,APCP,APCP,300,1000,12
2/7/2048,2048,Chase Armstrong,Saturn 18,1330615,"$79,837 ","1234 Evergreen Way, Seattle, WA 98101",Debbie Armstrong,2/7/2048,Armstrong Industrial,APCP,APCP,300,1000,12
2/16/2048,2048,Nova Kepler,Saturn 18,1429121,"$57,165 ","987 Pinecrest Blvd, Bellevue, WA 98004",Nova Kepler,2/16/2048,Armstrong Industrial,APCP,APCP,300,1000,12
3/3/2048,2048,Cassio Skyler,Saturn 18,1275956,"$51,038 ","5678 Ridgeview Terrace, Renton, WA 98055",Cassio Skyler,3/3/2048,Boeing,APCP,APCP,300,1000,12
3/21/2048,2048,Cassio Skyler,Saturn 18,1349789,"$53,992 ","5678 Ridgeview Terrace, Renton, WA 98055",Cassio Skyler,3/21/2048,Dick's Drive-In,APCP,APCP,300,1000,12
3/26/2048,2048,Chase Armstrong,Saturn 18,1366340,"$81,980 ","1234 Evergreen Way, Seattle, WA 98101",Debbie Armstrong,3/26/2048,Armstrong Industrial,APCP,APCP,300,1000,12
4/6/2048,2048,Leo Rockett,Saturn 18,879377,"$87,938 ","4321 Summit Ave, Bellingham, WA 98225",Leo Rockett,4/6/2048,U.S. Department of Defense,APCP,APCP,300,1000,12
5/7/2048,2048,Chase Armstrong,Saturn 18,1429156,"$85,749 ","1234 Evergreen Way, Seattle, WA 98101",Debbie Armstrong,5/7/2048,Armstrong Industrial,APCP,APCP,300,1000,12
5/12/2048,2048,Leo Rockett,Saturn 18,827949,"$82,795 ","4321 Summit Ave, Bellingham, WA 98225",Leo Rockett,5/12/2048,Amazon,APCP,APCP,300,1000,12
5/26/2048,2048,Orion Blaze,Saturn 18,1377776,"$41,333 ","4567 Cascade Ave, Tacoma, WA 98402",Orion Blaze,5/26/2048,Dick's Drive-In,APCP,APCP,300,1000,12
6/7/2048,2048,Chase Armstrong,Saturn 18,1306061,"$78,364 ","1234 Evergreen Way, Seattle, WA 98101",Debbie Armstrong,6/7/2048,Armstrong Industrial,APCP,APCP,300,1000,12
9/8/2048,2048,Nova Kepler,Saturn 18,1360387,"$54,415 ","987 Pinecrest Blvd, Bellevue, WA 98004",Nova Kepler,9/8/2048,Amazon,APCP,APCP,300,1000,12
9/12/2048,2048,Leo Rockett,Saturn 18,926933,"$92,693 ","4321 Summit Ave, Bellingham, WA 98225",Leo Rockett,9/12/2048,Amazon,APCP,APCP,300,1000,12
9/15/2048,2048,Nova Kepler,Saturn 18,1398020,"$55,921 ","987 Pinecrest Blvd, Bellevue, WA 98004",Nova Kepler,9/15/2048,Dick's Drive-In,APCP,APCP,300,1000,12
9/19/2048,2048,Cassio Skyler,Saturn 18,1273662,"$50,946 ","5678 Ridgeview Terrace, Renton, WA 98055",Cassio Skyler,9/19/2048,Dick's Drive-In,APCP,APCP,300,1000,12
9/23/2048,2048,Chase Armstrong,Saturn 18,1349290,"$80,957 ","1234 Evergreen Way, Seattle, WA 98101",Debbie Armstrong,9/23/2048,Armstrong Industrial,APCP,APCP,300,1000,12
10/17/2048,2048,Leo Rockett,Saturn 18,930710,"$93,071 ","4321 Summit Ave, Bellingham, WA 98225",Leo Rockett,10/17/2048,Sound Transit,APCP,APCP,300,1000,12
11/5/2048,2048,Leo Rockett,Saturn 18,921986,"$92,199 ","4321 Summit Ave, Bellingham, WA 98225",Leo Rockett,11/5/2048,Amazon,APCP,APCP,300,1000,12
11/27/2048,2048,Atlas Ryder,Saturn 18,1291288,"$51,652 ","1357 Rainier Rd, Kirkland, WA 98033",Atlas Ryder,11/27/2048,Dick's Drive-In,APCP,APCP,300,1000,12
12/8/2048,2048,Vega Zenith,Saturn 18,1245314,"$49,813 ","2468 Cedar St, Everett, WA 98201",Vega Zenith,12/8/2048,U.S. Department of Defense,APCP,APCP,300,1000,12
12/19/2048,2048,Leo Rockett,Saturn 18,801446,"$80,145 ","4321 Summit Ave, Bellingham, WA 98225",Leo Rockett,12/19/2048,Sound Transit,APCP,APCP,300,1000,12
12/26/2048,2048,Chase Armstrong,Saturn 18,1348888,"$80,933 ","1234 Evergreen Way, Seattle, WA 98101",Debbie Armstrong,12/26/2048,Armstrong Industrial,APCP,APCP,300,1000,12
1/17/2049,2049,Chase Armstrong,Saturn 18,1298551,"$77,913 ","1234 Evergreen Way, Seattle, WA 98101",Debbie Armstrong,1/17/2049,Armstrong Industrial,APCP,APCP,300,1000,12
1/21/2049,2049,Vega Zenith,Saturn 18,1347113,"$53,885 ","2468 Cedar St, Everett, WA 98201",Vega Zenith,1/21/2049,Boeing,APCP,APCP,300,1000,12
1/29/2049,2049,Chase Armstrong,Saturn 18,1304616,"$78,277 ","1234 Evergreen Way, Seattle, WA 98101",Debbie Armstrong,1/29/2049,Armstrong Industrial,APCP,APCP,300,1000,12
2/3/2049,2049,Chase Armstrong,Saturn 18,1352751,"$81,165 ","1234 Evergreen Way, Seattle, WA 98101",Debbie Armstrong,2/3/2049,Armstrong Industrial,APCP,APCP,300,1000,12
3/5/2049,2049,Vega Zenith,Saturn 18,1254763,"$50,191 ","2468 Cedar St, Everett, WA 98201",Vega Zenith,3/5/2049,Sound Transit,APCP,APCP,300,1000,12
4/2/2049,2049,Leo Rockett,Saturn 18,812654,"$81,265 ","4321 Summit Ave, Bellingham, WA 98225",Leo Rockett,4/2/2049,Dick's Drive-In,APCP,APCP,300,1000,12
4/21/2049,2049,Stella Ignis,Saturn 18,1337589,"$53,504 ","2345 Alder Lane, Redmond, WA 98052",Stella Ignis,4/21/2049,Pagliacci Pizza,APCP,APCP,300,1000,12
4/30/2049,2049,Leo Rockett,Saturn 18,913474,"$91,347 ","4321 Summit Ave, Bellingham, WA 98225",Leo Rockett,4/30/2049,Dick's Drive-In,APCP,APCP,300,1000,12
5/13/2049,2049,Vega Zenith,Saturn 18,1308856,"$52,354 ","2468 Cedar St, Everett, WA 98201",Vega Zenith,5/13/2049,Pagliacci Pizza,APCP,APCP,300,1000,12
5/21/2049,2049,Vega Zenith,Saturn 18,1367763,"$54,711 ","2468 Cedar St, Everett, WA 98201",Vega Zenith,5/21/2049,U.S. Department of Defense,APCP,APCP,300,1000,12
5/27/2049,2049,Cassio Skyler,Saturn 18,1354616,"$54,185 ","5678 Ridgeview Terrace, Renton, WA 98055",Cassio Skyler,5/27/2049,Dick's Drive-In,APCP,APCP,300,1000,12
6/2/2049,2049,Leo Rockett,Saturn 18,809601,"$80,960 ","4321 Summit Ave, Bellingham, WA 98225",Leo Rockett,6/2/2049,U.S. Department of Defense,APCP,APCP,300,1000,12
6/6/2049,2049,Chase Armstrong,Saturn 18,1346238,"$80,774 ","1234 Evergreen Way, Seattle, WA 98101",Debbie Armstrong,6/6/2049,Armstrong Industrial,APCP,APCP,300,1000,12
6/11/2049,2049,Leo Rockett,Saturn 18,886548,"$88,655 ","4321 Summit Ave, Bellingham, WA 98225",Leo Rockett,6/11/2049,Sound Transit,APCP,APCP,300,1000,12
6/19/2049,2049,Chase Armstrong,Saturn 18,1421198,"$85,272 ","1234 Evergreen Way, Seattle, WA 98101",Debbie Armstrong,6/19/2049,Armstrong Industrial,APCP,APCP,300,1000,12
8/3/2049,2049,Chase Armstrong,Saturn 18,1358410,"$81,505 ","1234 Evergreen Way, Seattle, WA 98101",Debbie Armstrong,8/3/2049,Armstrong Industrial,APCP,APCP,300,1000,12
8/20/2049,2049,Chase Armstrong,Saturn 18,1361712,"$81,703 ","1234 Evergreen Way, Seattle, WA 98101",Debbie Armstrong,8/20/2049,Armstrong Industrial,APCP,APCP,300,1000,12
8/26/2049,2049,Chase Armstrong,Saturn 18,1370050,"$82,203 ","1234 Evergreen Way, Seattle, WA 98101",Debbie Armstrong,8/26/2049,Armstrong Industrial,APCP,APCP,300,1000,12
9/18/2049,2049,Cassio Skyler,Saturn 18,1236457,"$49,458 ","5678 Ridgeview Terrace, Renton, WA 98055",Cassio Skyler,9/18/2049,Sound Transit,APCP,APCP,300,1000,12
10/1/2049,2049,Chase Armstrong,Saturn 18,1380921,"$82,855 ","1234 Evergreen Way, Seattle, WA 98101",Debbie Armstrong,10/1/2049,Armstrong Industrial,APCP,APCP,300,1000,12
10/4/2049,2049,Nova Kepler,Saturn 18,1420706,"$56,828 ","987 Pinecrest Blvd, Bellevue, WA 98004",Nova Kepler,10/4/2049,Sound Transit,APCP,APCP,300,1000,12
10/16/2049,2049,Leo Rockett,Saturn 18,857688,"$85,769 ","4321 Summit Ave, Bellingham, WA 98225",Leo Rockett,10/16/2049,Pagliacci Pizza,APCP,APCP,300,1000,12
10/18/2049,2049,Chase Armstrong,Saturn 18,1408912,"$84,535 ","1234 Evergreen Way, Seattle, WA 98101",Debbie Armstrong,10/18/2049,Armstrong Industrial,APCP,APCP,300,1000,12
11/15/2049,2049,Leo Rockett,Saturn 18,873775,"$87,378 ","4321 Summit Ave, Bellingham, WA 98225",Leo Rockett,11/15/2049,Dick's Drive-In,APCP,APCP,300,1000,12
11/17/2049,2049,Leo Rockett,Saturn 18,869253,"$86,925 ","4321 Summit Ave, Bellingham, WA 98225",Leo Rockett,11/17/2049,U.S. Department of Defense,APCP,APCP,300,1000,12
11/26/2049,2049,Stella Ignis,Saturn 18,1259232,"$50,369 ","2345 Alder Lane, Redmond, WA 98052",Stella Ignis,11/26/2049,Sound Transit,APCP,APCP,300,1000,12
12/9/2049,2049,Leo Rockett,Saturn 18,855396,"$85,540 ","4321 Summit Ave, Bellingham, WA 98225",Leo Rockett,12/9/2049,Amazon,APCP,APCP,300,1000,12
12/28/2049,2049,Chase Armstrong,Saturn 18,1422485,"$85,349 ","1234 Evergreen Way, Seattle, WA 98101",Debbie Armstrong,12/28/2049,Armstrong Industrial,APCP,APCP,300,1000,12
2/2/2047,2047,Leo Rockett,Seattle EXP,6171320,"$617,132 ","4321 Summit Ave, Bellingham, WA 98225",Leo Rockett,2/2/2047,Dick's Drive-In,Liquid Hydrogen,Liquid Hydrogen,350,750,12
2/5/2047,2047,Cassio Skyler,Seattle EXP,8291534,"$331,661 ","5678 Ridgeview Terrace, Renton, WA 98055",Cassio Skyler,2/5/2047,Dick's Drive-In,Liquid Hydrogen,Liquid Hydrogen,350,750,12
2/12/2047,2047,Leo Rockett,Seattle EXP,6170941,"$617,094 ","4321 Summit Ave, Bellingham, WA 98225",Leo Rockett,2/12/2047,Dick's Drive-In,Liquid Hydrogen,Liquid Hydrogen,350,750,12
3/1/2047,2047,Atlas Ryder,Seattle EXP,8176978,"$327,079 ","1357 Rainier Rd, Kirkland, WA 98033",Atlas Ryder,3/1/2047,U.S. Department of Defense,Liquid Hydrogen,Liquid Hydrogen,350,750,12
5/18/2047,2047,Chase Armstrong,Seattle EXP,9426768,"$565,606 ","1234 Evergreen Way, Seattle, WA 98101",Debbie Armstrong,5/18/2047,Armstrong Industrial,Liquid Hydrogen,Liquid Hydrogen,350,750,12
5/28/2047,2047,Leo Rockett,Seattle EXP,5845768,"$584,577 ","4321 Summit Ave, Bellingham, WA 98225",Leo Rockett,5/28/2047,Dick's Drive-In,Liquid Hydrogen,Liquid Hydrogen,350,750,12
6/30/2047,2047,Leo Rockett,Seattle EXP,6032888,"$603,289 ","4321 Summit Ave, Bellingham, WA 98225",Leo Rockett,6/30/2047,Sound Transit,Liquid Hydrogen,Liquid Hydrogen,350,750,12
11/6/2047,2047,Leo Rockett,Seattle EXP,5744223,"$574,422 ","4321 Summit Ave, Bellingham, WA 98225",Leo Rockett,11/6/2047,Amazon,Liquid Hydrogen,Liquid Hydrogen,350,750,12
11/24/2047,2047,Vega Zenith,Seattle EXP,8312802,"$332,512 ","2468 Cedar St, Everett, WA 98201",Vega Zenith,11/24/2047,Dick's Drive-In,Liquid Hydrogen,Liquid Hydrogen,350,750,12
1/1/2048,2048,Atlas Ryder,Seattle EXP,8211687,"$328,467 ","1357 Rainier Rd, Kirkland, WA 98033",Atlas Ryder,1/1/2048,Dick's Drive-In,Liquid Hydrogen,Liquid Hydrogen,350,750,12
1/4/2048,2048,Leo Rockett,Seattle EXP,6171521,"$617,152 ","4321 Summit Ave, Bellingham, WA 98225",Leo Rockett,1/4/2048,Dick's Drive-In,Liquid Hydrogen,Liquid Hydrogen,350,750,12
1/31/2048,2048,Chase Armstrong,Seattle EXP,9572291,"$574,337 ","1234 Evergreen Way, Seattle, WA 98101",Debbie Armstrong,1/31/2048,Armstrong Industrial,Liquid Hydrogen,Liquid Hydrogen,350,750,12
7/27/2048,2048,Cassio Skyler,Seattle EXP,8213253,"$328,530 ","5678 Ridgeview Terrace, Renton, WA 98055",Cassio Skyler,7/27/2048,Dick's Drive-In,Liquid Hydrogen,Liquid Hydrogen,350,750,12
8/4/2048,2048,Leo Rockett,Seattle EXP,5664556,"$566,456 ","4321 Summit Ave, Bellingham, WA 98225",Leo Rockett,8/4/2048,U.S. Department of Defense,Liquid Hydrogen,Liquid Hydrogen,350,750,12
8/11/2048,2048,Leo Rockett,Seattle EXP,5495870,"$549,587 ","4321 Summit Ave, Bellingham, WA 98225",Leo Rockett,8/11/2048,Amazon,Liquid Hydrogen,Liquid Hydrogen,350,750,12
8/27/2048,2048,Stella Ignis,Seattle EXP,8910893,"$356,436 ","2345 Alder Lane, Redmond, WA 98052",Stella Ignis,8/27/2048,Dick's Drive-In,Liquid Hydrogen,Liquid Hydrogen,350,750,12
9/16/2048,2048,Nova Kepler,Seattle EXP,8655554,"$346,222 ","987 Pinecrest Blvd, Bellevue, WA 98004",Nova Kepler,9/16/2048,Sound Transit,Liquid Hydrogen,Liquid Hydrogen,350,750,12
9/17/2048,2048,Leo Rockett,Seattle EXP,5386046,"$538,605 ","4321 Summit Ave, Bellingham, WA 98225",Leo Rockett,9/17/2048,U.S. Department of Defense,Liquid Hydrogen,Liquid Hydrogen,350,750,12
9/26/2048,2048,Leo Rockett,Seattle EXP,5901135,"$590,114 ","4321 Summit Ave, Bellingham, WA 98225",Leo Rockett,9/26/2048,Sound Transit,Liquid Hydrogen,Liquid Hydrogen,350,750,12
9/29/2048,2048,Chase Armstrong,Seattle EXP,9568503,"$574,110 ","1234 Evergreen Way, Seattle, WA 98101",Debbie Armstrong,9/29/2048,Armstrong Industrial,Liquid Hydrogen,Liquid Hydrogen,350,750,12
11/16/2048,2048,Leo Rockett,Seattle EXP,5585427,"$558,543 ","4321 Summit Ave, Bellingham, WA 98225",Leo Rockett,11/16/2048,Dick's Drive-In,Liquid Hydrogen,Liquid Hydrogen,350,750,12
11/25/2048,2048,Leo Rockett,Seattle EXP,5507772,"$550,777 ","4321 Summit Ave, Bellingham, WA 98225",Leo Rockett,11/25/2048,Dick's Drive-In,Liquid Hydrogen,Liquid Hydrogen,350,750,12
12/7/2048,2048,Chase Armstrong,Seattle EXP,9046320,"$542,779 ","1234 Evergreen Way, Seattle, WA 98101",Debbie Armstrong,12/7/2048,Armstrong Industrial,Liquid Hydrogen,Liquid Hydrogen,350,750,12
12/22/2048,2048,Leo Rockett,Seattle EXP,5636540,"$563,654 ","4321 Summit Ave, Bellingham, WA 98225",Leo Rockett,12/22/2048,Boeing,Liquid Hydrogen,Liquid Hydrogen,350,750,12
12/28/2048,2048,Cassio Skyler,Seattle EXP,9081228,"$363,249 ","5678 Ridgeview Terrace, Renton, WA 98055",Cassio Skyler,12/28/2048,Amazon,Liquid Hydrogen,Liquid Hydrogen,350,750,12
1/4/2049,2049,Stella Ignis,Seattle EXP,8299413,"$331,977 ","2345 Alder Lane, Redmond, WA 98052",Stella Ignis,1/4/2049,Sound Transit,Liquid Hydrogen,Liquid Hydrogen,350,750,12
1/10/2049,2049,Leo Rockett,Seattle EXP,6016109,"$601,611 ","4321 Summit Ave, Bellingham, WA 98225",Leo Rockett,1/10/2049,U.S. Department of Defense,Liquid Hydrogen,Liquid Hydrogen,350,750,12
1/31/2049,2049,Orion Blaze,Seattle EXP,9539908,"$286,197 ","4567 Cascade Ave, Tacoma, WA 98402",Orion Blaze,1/31/2049,Sound Transit,Liquid Hydrogen,Liquid Hydrogen,350,750,12
3/27/2049,2049,Leo Rockett,Seattle EXP,6010662,"$601,066 ","4321 Summit Ave, Bellingham, WA 98225",Leo Rockett,3/27/2049,Dick's Drive-In,Liquid Hydrogen,Liquid Hydrogen,350,750,12
4/10/2049,2049,Leo Rockett,Seattle EXP,5314923,"$531,492 ","4321 Summit Ave, Bellingham, WA 98225",Leo Rockett,4/10/2049,Boeing,Liquid Hydrogen,Liquid Hydrogen,350,750,12
9/9/2049,2049,Cassio Skyler,Seattle EXP,8632923,"$345,317 ","5678 Ridgeview Terrace, Renton, WA 98055",Cassio Skyler,9/9/2049,Dick's Drive-In,Liquid Hydrogen,Liquid Hydrogen,350,750,12
9/27/2049,2049,Jet Falconer,Seattle EXP,8420688,"$336,828 ","6789 Maple Drive, Olympia, WA 98501",Jet Falconer,9/27/2049,Armstrong Industrial,Liquid Hydrogen,Liquid Hydrogen,350,750,12
11/30/2049,2049,Cassio Skyler,Seattle EXP,9086104,"$363,444 ","5678 Ridgeview Terrace, Renton, WA 98055",Cassio Skyler,11/30/2049,U.S. Department of Defense,Liquid Hydrogen,Liquid Hydrogen,350,750,12
1/7/2043,2043,Vega Zenith,Titan 2043,2672923,"$106,917 ","2468 Cedar St, Everett, WA 98201",Vega Zenith,1/7/2043,Amazon,Liquid Hydrogen,Liquid Hydrogen,600,1250,20
1/11/2043,2043,Nova Kepler,Titan 2043,2841800,"$113,672 ","987 Pinecrest Blvd, Bellevue, WA 98004",Nova Kepler,1/11/2043,Sound Transit,Liquid Hydrogen,Liquid Hydrogen,600,1250,20
2/13/2043,2043,Cassio Skyler,Titan 2043,2611842,"$104,474 ","5678 Ridgeview Terrace, Renton, WA 98055",Cassio Skyler,2/13/2043,Dick's Drive-In,Liquid Hydrogen,Liquid Hydrogen,600,1250,20
2/18/2043,2043,Nova Kepler,Titan 2043,2872486,"$114,899 ","987 Pinecrest Blvd, Bellevue, WA 98004",Nova Kepler,2/18/2043,Amazon,Liquid Hydrogen,Liquid Hydrogen,600,1250,20
3/8/2043,2043,Leo Rockett,Titan 2043,1886886,"$188,689 ","4321 Summit Ave, Bellingham, WA 98225",Leo Rockett,3/8/2043,U.S. Department of Defense,Liquid Hydrogen,Liquid Hydrogen,600,1250,20
3/22/2043,2043,Vega Zenith,Titan 2043,2561266,"$102,451 ","2468 Cedar St, Everett, WA 98201",Vega Zenith,3/22/2043,Pagliacci Pizza,Liquid Hydrogen,Liquid Hydrogen,600,1250,20
4/3/2043,2043,Chase Armstrong,Titan 2043,2834608,"$170,076 ","1234 Evergreen Way, Seattle, WA 98101",Debbie Armstrong,4/3/2043,Armstrong Industrial,Liquid Hydrogen,Liquid Hydrogen,600,1250,20
4/4/2043,2043,Cassio Skyler,Titan 2043,2767493,"$110,700 ","5678 Ridgeview Terrace, Renton, WA 98055",Cassio Skyler,4/4/2043,Sound Transit,Liquid Hydrogen,Liquid Hydrogen,600,1250,20
4/19/2043,2043,Vega Zenith,Titan 2043,2686111,"$107,444 ","2468 Cedar St, Everett, WA 98201",Vega Zenith,4/19/2043,Boeing,Liquid Hydrogen,Liquid Hydrogen,600,1250,20
6/17/2043,2043,Atlas Ryder,Titan 2043,2820099,"$112,804 ","1357 Rainier Rd, Kirkland, WA 98033",Atlas Ryder,6/17/2043,U.S. Department of Defense,Liquid Hydrogen,Liquid Hydrogen,600,1250,20
6/21/2043,2043,Vega Zenith,Titan 2043,2712467,"$108,499 ","2468 Cedar St, Everett, WA 98201",Vega Zenith,6/21/2043,Armstrong Industrial,Liquid Hydrogen,Liquid Hydrogen,600,1250,20
7/12/2043,2043,Nova Kepler,Titan 2043,2801609,"$112,064 ","987 Pinecrest Blvd, Bellevue, WA 98004",Nova Kepler,7/12/2043,Dick's Drive-In,Liquid Hydrogen,Liquid Hydrogen,600,1250,20
9/7/2043,2043,Leo Rockett,Titan 2043,1899502,"$189,950 ","4321 Summit Ave, Bellingham, WA 98225",Leo Rockett,9/7/2043,Sound Transit,Liquid Hydrogen,Liquid Hydrogen,600,1250,20
9/18/2043,2043,Leo Rockett,Titan 2043,1815443,"$181,544 ","4321 Summit Ave, Bellingham, WA 98225",Leo Rockett,9/18/2043,Sound Transit,Liquid Hydrogen,Liquid Hydrogen,600,1250,20
10/25/2043,2043,Leo Rockett,Titan 2043,1829872,"$182,987 ","4321 Summit Ave, Bellingham, WA 98225",Leo Rockett,10/25/2043,Dick's Drive-In,Liquid Hydrogen,Liquid Hydrogen,600,1250,20
12/7/2043,2043,Atlas Ryder,Titan 2043,2561430,"$102,457 ","1357 Rainier Rd, Kirkland, WA 98033",Atlas Ryder,12/7/2043,Boeing,Liquid Hydrogen,Liquid Hydrogen,600,1250,20
1/17/2044,2044,Nova Kepler,Titan 2043,2932149,"$117,286 ","987 Pinecrest Blvd, Bellevue, WA 98004",Nova Kepler,1/17/2044,Dick's Drive-In,Liquid Hydrogen,Liquid Hydrogen,600,1250,20
1/29/2044,2044,Leo Rockett,Titan 2043,1793896,"$179,390 ","4321 Summit Ave, Bellingham, WA 98225",Leo Rockett,1/29/2044,Sound Transit,Liquid Hydrogen,Liquid Hydrogen,600,1250,20
2/5/2044,2044,Cassio Skyler,Titan 2043,2583765,"$103,351 ","5678 Ridgeview Terrace, Renton, WA 98055",Cassio Skyler,2/5/2044,U.S. Department of Defense,Liquid Hydrogen,Liquid Hydrogen,600,1250,20
2/20/2044,2044,Leo Rockett,Titan 2043,1811836,"$181,184 ","4321 Summit Ave, Bellingham, WA 98225",Leo Rockett,2/20/2044,Sound Transit,Liquid Hydrogen,Liquid Hydrogen,600,1250,20
3/24/2044,2044,Nova Kepler,Titan 2043,2708568,"$108,343 ","987 Pinecrest Blvd, Bellevue, WA 98004",Nova Kepler,3/24/2044,Sound Transit,Liquid Hydrogen,Liquid Hydrogen,600,1250,20
3/27/2044,2044,Leo Rockett,Titan 2043,1828777,"$182,878 ","4321 Summit Ave, Bellingham, WA 98225",Leo Rockett,3/27/2044,Pagliacci Pizza,Liquid Hydrogen,Liquid Hydrogen,600,1250,20
4/13/2044,2044,Chase Armstrong,Titan 2043,2726258,"$163,575 ","1234 Evergreen Way, Seattle, WA 98101",Debbie Armstrong,4/13/2044,Armstrong Industrial,Liquid Hydrogen,Liquid Hydrogen,600,1250,20
4/22/2044,2044,Leo Rockett,Titan 2043,1660644,"$166,064 ","4321 Summit Ave, Bellingham, WA 98225",Leo Rockett,4/22/2044,Dick's Drive-In,Liquid Hydrogen,Liquid Hydrogen,600,1250,20
4/23/2044,2044,Leo Rockett,Titan 2043,1857007,"$185,701 ","4321 Summit Ave, Bellingham, WA 98225",Leo Rockett,4/23/2044,Dick's Drive-In,Liquid Hydrogen,Liquid Hydrogen,600,1250,20
4/30/2044,2044,Nova Kepler,Titan 2043,2717877,"$108,715 ","987 Pinecrest Blvd, Bellevue, WA 98004",Nova Kepler,4/30/2044,Sound Transit,Liquid Hydrogen,Liquid Hydrogen,600,1250,20
5/4/2044,2044,Vega Zenith,Titan 2043,2686157,"$107,446 ","2468 Cedar St, Everett, WA 98201",Vega Zenith,5/4/2044,Sound Transit,Liquid Hydrogen,Liquid Hydrogen,600,1250,20
5/13/2044,2044,Atlas Ryder,Titan 2043,2732659,"$109,306 ","1357 Rainier Rd, Kirkland, WA 98033",Atlas Ryder,5/13/2044,U.S. Department of Defense,Liquid Hydrogen,Liquid Hydrogen,600,1250,20
5/14/2044,2044,Cassio Skyler,Titan 2043,2686417,"$107,457 ","5678 Ridgeview Terrace, Renton, WA 98055",Cassio Skyler,5/14/2044,U.S. Department of Defense,Liquid Hydrogen,Liquid Hydrogen,600,1250,20
6/3/2044,2044,Atlas Ryder,Titan 2043,2639069,"$105,563 ","1357 Rainier Rd, Kirkland, WA 98033",Atlas Ryder,6/3/2044,Dick's Drive-In,Liquid Hydrogen,Liquid Hydrogen,600,1250,20
6/7/2044,2044,Leo Rockett,Titan 2043,1741385,"$174,139 ","4321 Summit Ave, Bellingham, WA 98225",Leo Rockett,6/7/2044,Dick's Drive-In,Liquid Hydrogen,Liquid Hydrogen,600,1250,20
6/29/2044,2044,Leo Rockett,Titan 2043,1933358,"$193,336 ","4321 Summit Ave, Bellingham, WA 98225",Leo Rockett,6/29/2044,Dick's Drive-In,Liquid Hydrogen,Liquid Hydrogen,600,1250,20
7/9/2044,2044,Chase Armstrong,Titan 2043,2995596,"$179,736 ","1234 Evergreen Way, Seattle, WA 98101",Debbie Armstrong,7/9/2044,Armstrong Industrial,Liquid Hydrogen,Liquid Hydrogen,600,1250,20
7/24/2044,2044,Nova Kepler,Titan 2043,2701247,"$108,050 ","987 Pinecrest Blvd, Bellevue, WA 98004",Nova Kepler,7/24/2044,U.S. Department of Defense,Liquid Hydrogen,Liquid Hydrogen,600,1250,20
7/27/2044,2044,Vega Zenith,Titan 2043,2684672,"$107,387 ","2468 Cedar St, Everett, WA 98201",Vega Zenith,7/27/2044,Sound Transit,Liquid Hydrogen,Liquid Hydrogen,600,1250,20
8/9/2044,2044,Jet Falconer,Titan 2043,2773654,"$110,946 ","6789 Maple Drive, Olympia, WA 98501",Jet Falconer,8/9/2044,U.S. Department of Defense,Liquid Hydrogen,Liquid Hydrogen,600,1250,20
8/13/2044,2044,Vega Zenith,Titan 2043,2561805,"$102,472 ","2468 Cedar St, Everett, WA 98201",Vega Zenith,8/13/2044,Sound Transit,Liquid Hydrogen,Liquid Hydrogen,600,1250,20
8/18/2044,2044,Leo Rockett,Titan 2043,1940888,"$194,089 ","4321 Summit Ave, Bellingham, WA 98225",Leo Rockett,8/18/2044,Sound Transit,Liquid Hydrogen,Liquid Hydrogen,600,1250,20
8/22/2044,2044,Stella Ignis,Titan 2043,2763840,"$110,554 ","2345 Alder Lane, Redmond, WA 98052",Stella Ignis,8/22/2044,Armstrong Industrial,Liquid Hydrogen,Liquid Hydrogen,600,1250,20
8/24/2044,2044,Leo Rockett,Titan 2043,1888721,"$188,872 ","4321 Summit Ave, Bellingham, WA 98225",Leo Rockett,8/24/2044,Sound Transit,Liquid Hydrogen,Liquid Hydrogen,600,1250,20
9/1/2044,2044,Atlas Ryder,Titan 2043,2649818,"$105,993 ","1357 Rainier Rd, Kirkland, WA 98033",Atlas Ryder,9/1/2044,Pagliacci Pizza,Liquid Hydrogen,Liquid Hydrogen,600,1250,20
9/17/2044,2044,Vega Zenith,Titan 2043,2742033,"$109,681 ","2468 Cedar St, Everett, WA 98201",Vega Zenith,9/17/2044,Sound Transit,Liquid Hydrogen,Liquid Hydrogen,600,1250,20
9/21/2044,2044,Nova Kepler,Titan 2043,2759589,"$110,384 ","987 Pinecrest Blvd, Bellevue, WA 98004",Nova Kepler,9/21/2044,Armstrong Industrial,Liquid Hydrogen,Liquid Hydrogen,600,1250,20
9/22/2044,2044,Leo Rockett,Titan 2043,1855417,"$185,542 ","4321 Summit Ave, Bellingham, WA 98225",Leo Rockett,9/22/2044,Pagliacci Pizza,Liquid Hydrogen,Liquid Hydrogen,600,1250,20
9/30/2044,2044,Luna Vector,Titan 2043,2629481,"$131,474 ","7890 Harbor St, Spokane, WA 99201",Luna Vector,9/30/2044,Amazon,Liquid Hydrogen,Liquid Hydrogen,600,1250,20
10/2/2044,2044,Leo Rockett,Titan 2043,1662404,"$166,240 ","4321 Summit Ave, Bellingham, WA 98225",Leo Rockett,10/2/2044,Dick's Drive-In,Liquid Hydrogen,Liquid Hydrogen,600,1250,20
10/16/2044,2044,Leo Rockett,Titan 2043,1899774,"$189,977 ","4321 Summit Ave, Bellingham, WA 98225",Leo Rockett,10/16/2044,Boeing,Liquid Hydrogen,Liquid Hydrogen,600,1250,20
10/28/2044,2044,Leo Rockett,Titan 2043,1920799,"$192,080 ","4321 Summit Ave, Bellingham, WA 98225",Leo Rockett,10/28/2044,Amazon,Liquid Hydrogen,Liquid Hydrogen,600,1250,20
11/5/2044,2044,Leo Rockett,Titan 2043,1686988,"$168,699 ","4321 Summit Ave, Bellingham, WA 98225",Leo Rockett,11/5/2044,Sound Transit,Liquid Hydrogen,Liquid Hydrogen,600,1250,20
11/16/2044,2044,Leo Rockett,Titan 2043,1712362,"$171,236 ","4321 Summit Ave, Bellingham, WA 98225",Leo Rockett,11/16/2044,Sound Transit,Liquid Hydrogen,Liquid Hydrogen,600,1250,20
11/20/2044,2044,Leo Rockett,Titan 2043,1651472,"$165,147 ","4321 Summit Ave, Bellingham, WA 98225",Leo Rockett,11/20/2044,Boeing,Liquid Hydrogen,Liquid Hydrogen,600,1250,20
12/1/2044,2044,Cassio Skyler,Titan 2043,2552331,"$102,093 ","5678 Ridgeview Terrace, Renton, WA 98055",Cassio Skyler,12/1/2044,Dick's Drive-In,Liquid Hydrogen,Liquid Hydrogen,600,1250,20
12/6/2044,2044,Chase Armstrong,Titan 2043,2710513,"$162,631 ","1234 Evergreen Way, Seattle, WA 98101",Debbie Armstrong,12/6/2044,Armstrong Industrial,Liquid Hydrogen,Liquid Hydrogen,600,1250,20
12/13/2044,2044,Chase Armstrong,Titan 2043,2727264,"$163,636 ","1234 Evergreen Way, Seattle, WA 98101",Debbie Armstrong,12/13/2044,Armstrong Industrial,Liquid Hydrogen,Liquid Hydrogen,600,1250,20
12/17/2044,2044,Stella Ignis,Titan 2043,2829688,"$113,188 ","2345 Alder Lane, Redmond, WA 98052",Stella Ignis,12/17/2044,U.S. Department of Defense,Liquid Hydrogen,Liquid Hydrogen,600,1250,20
1/1/2045,2045,Leo Rockett,Titan 2043,1905093,"$190,509 ","4321 Summit Ave, Bellingham, WA 98225",Leo Rockett,1/1/2045,Sound Transit,Liquid Hydrogen,Liquid Hydrogen,600,1250,20
1/7/2045,2045,Vega Zenith,Titan 2043,2746042,"$109,842 ","2468 Cedar St, Everett, WA 98201",Vega Zenith,1/7/2045,Dick's Drive-In,Liquid Hydrogen,Liquid Hydrogen,600,1250,20
1/11/2045,2045,Vega Zenith,Titan 2043,2592133,"$103,685 ","2468 Cedar St, Everett, WA 98201",Vega Zenith,1/11/2045,Amazon,Liquid Hydrogen,Liquid Hydrogen,600,1250,20
1/14/2045,2045,Jet Falconer,Titan 2043,2584917,"$103,397 ","6789 Maple Drive, Olympia, WA 98501",Jet Falconer,1/14/2045,U.S. Department of Defense,Liquid Hydrogen,Liquid Hydrogen,600,1250,20
1/17/2045,2045,Nova Kepler,Titan 2043,2899542,"$115,982 ","987 Pinecrest Blvd, Bellevue, WA 98004",Nova Kepler,1/17/2045,Sound Transit,Liquid Hydrogen,Liquid Hydrogen,600,1250,20
1/21/2045,2045,Chase Armstrong,Titan 2043,2939010,"$176,341 ","1234 Evergreen Way, Seattle, WA 98101",Debbie Armstrong,1/21/2045,Armstrong Industrial,Liquid Hydrogen,Liquid Hydrogen,600,1250,20
1/25/2045,2045,Leo Rockett,Titan 2043,1778744,"$177,874 ","4321 Summit Ave, Bellingham, WA 98225",Leo Rockett,1/25/2045,U.S. Department of Defense,Liquid Hydrogen,Liquid Hydrogen,600,1250,20
1/28/2045,2045,Chase Armstrong,Titan 2043,2924476,"$175,469 ","1234 Evergreen Way, Seattle, WA 98101",Debbie Armstrong,1/28/2045,Armstrong Industrial,Liquid Hydrogen,Liquid Hydrogen,600,1250,20
1/31/2045,2045,Chase Armstrong,Titan 2043,2754636,"$165,278 ","1234 Evergreen Way, Seattle, WA 98101",Debbie Armstrong,1/31/2045,Armstrong Industrial,Liquid Hydrogen,Liquid Hydrogen,600,1250,20
2/2/2045,2045,Stella Ignis,Titan 2043,2704795,"$108,192 ","2345 Alder Lane, Redmond, WA 98052",Stella Ignis,2/2/2045,Dick's Drive-In,Liquid Hydrogen,Liquid Hydrogen,600,1250,20
2/8/2045,2045,Chase Armstrong,Titan 2043,2773916,"$166,435 ","1234 Evergreen Way, Seattle, WA 98101",Debbie Armstrong,2/8/2045,Armstrong Industrial,Liquid Hydrogen,Liquid Hydrogen,600,1250,20
2/11/2045,2045,Atlas Ryder,Titan 2043,2590690,"$103,628 ","1357 Rainier Rd, Kirkland, WA 98033",Atlas Ryder,2/11/2045,Sound Transit,Liquid Hydrogen,Liquid Hydrogen,600,1250,20
2/14/2045,2045,Cassio Skyler,Titan 2043,2837506,"$113,500 ","5678 Ridgeview Terrace, Renton, WA 98055",Cassio Skyler,2/14/2045,U.S. Department of Defense,Liquid Hydrogen,Liquid Hydrogen,600,1250,20
2/23/2045,2045,Leo Rockett,Titan 2043,1736377,"$173,638 ","4321 Summit Ave, Bellingham, WA 98225",Leo Rockett,2/23/2045,Sound Transit,Liquid Hydrogen,Liquid Hydrogen,600,1250,20
2/24/2045,2045,Leo Rockett,Titan 2043,1683069,"$168,307 ","4321 Summit Ave, Bellingham, WA 98225",Leo Rockett,2/24/2045,Pagliacci Pizza,Liquid Hydrogen,Liquid Hydrogen,600,1250,20
3/6/2045,2045,Nova Kepler,Titan 2043,2796865,"$111,875 ","987 Pinecrest Blvd, Bellevue, WA 98004",Nova Kepler,3/6/2045,Sound Transit,Liquid Hydrogen,Liquid Hydrogen,600,1250,20
3/14/2045,2045,Chase Armstrong,Titan 2043,2981880,"$178,913 ","1234 Evergreen Way, Seattle, WA 98101",Debbie Armstrong,3/14/2045,Armstrong Industrial,Liquid Hydrogen,Liquid Hydrogen,600,1250,20
3/20/2045,2045,Chase Armstrong,Titan 2043,2719353,"$163,161 ","1234 Evergreen Way, Seattle, WA 98101",Debbie Armstrong,3/20/2045,Armstrong Industrial,Liquid Hydrogen,Liquid Hydrogen,600,1250,20
4/8/2045,2045,Leo Rockett,Titan 2043,1789337,"$178,934 ","4321 Summit Ave, Bellingham, WA 98225",Leo Rockett,4/8/2045,Dick's Drive-In,Liquid Hydrogen,Liquid Hydrogen,600,1250,20
4/10/2045,2045,Leo Rockett,Titan 2043,1721434,"$172,143 ","4321 Summit Ave, Bellingham, WA 98225",Leo Rockett,4/10/2045,Dick's Drive-In,Liquid Hydrogen,Liquid Hydrogen,600,1250,20
4/12/2045,2045,Cassio Skyler,Titan 2043,2633079,"$105,323 ","5678 Ridgeview Terrace, Renton, WA 98055",Cassio Skyler,4/12/2045,Pagliacci Pizza,Liquid Hydrogen,Liquid Hydrogen,600,1250,20
4/14/2045,2045,Luna Vector,Titan 2043,2674842,"$133,742 ","7890 Harbor St, Spokane, WA 99201",Luna Vector,4/14/2045,U.S. Department of Defense,Liquid Hydrogen,Liquid Hydrogen,600,1250,20
4/17/2045,2045,Atlas Ryder,Titan 2043,2768491,"$110,740 ","1357 Rainier Rd, Kirkland, WA 98033",Atlas Ryder,4/17/2045,U.S. Department of Defense,Liquid Hydrogen,Liquid Hydrogen,600,1250,20
5/2/2045,2045,Vega Zenith,Titan 2043,2761148,"$110,446 ","2468 Cedar St, Everett, WA 98201",Vega Zenith,5/2/2045,Dick's Drive-In,Liquid Hydrogen,Liquid Hydrogen,600,1250,20
5/5/2045,2045,Chase Armstrong,Titan 2043,2868480,"$172,109 ","1234 Evergreen Way, Seattle, WA 98101",Debbie Armstrong,5/5/2045,Armstrong Industrial,Liquid Hydrogen,Liquid Hydrogen,600,1250,20
5/13/2045,2045,Chase Armstrong,Titan 2043,2916508,"$174,990 ","1234 Evergreen Way, Seattle, WA 98101",Debbie Armstrong,5/13/2045,Armstrong Industrial,Liquid Hydrogen,Liquid Hydrogen,600,1250,20
5/15/2045,2045,Cassio Skyler,Titan 2043,2665388,"$106,616 ","5678 Ridgeview Terrace, Renton, WA 98055",Cassio Skyler,5/15/2045,Dick's Drive-In,Liquid Hydrogen,Liquid Hydrogen,600,1250,20
5/29/2045,2045,Cassio Skyler,Titan 2043,2774838,"$110,994 ","5678 Ridgeview Terrace, Renton, WA 98055",Cassio Skyler,5/29/2045,U.S. Department of Defense,Liquid Hydrogen,Liquid Hydrogen,600,1250,20
6/6/2045,2045,Leo Rockett,Titan 2043,1788550,"$178,855 ","4321 Summit Ave, Bellingham, WA 98225",Leo Rockett,6/6/2045,Sound Transit,Liquid Hydrogen,Liquid Hydrogen,600,1250,20
6/8/2045,2045,Leo Rockett,Titan 2043,1766378,"$176,638 ","4321 Summit Ave, Bellingham, WA 98225",Leo Rockett,6/8/2045,Dick's Drive-In,Liquid Hydrogen,Liquid Hydrogen,600,1250,20
6/9/2045,2045,Leo Rockett,Titan 2043,1819997,"$182,000 ","4321 Summit Ave, Bellingham, WA 98225",Leo Rockett,6/9/2045,Amazon,Liquid Hydrogen,Liquid Hydrogen,600,1250,20
6/12/2045,2045,Vega Zenith,Titan 2043,2799746,"$111,990 ","2468 Cedar St, Everett, WA 98201",Vega Zenith,6/12/2045,Amazon,Liquid Hydrogen,Liquid Hydrogen,600,1250,20
6/19/2045,2045,Leo Rockett,Titan 2043,1877916,"$187,792 ","4321 Summit Ave, Bellingham, WA 98225",Leo Rockett,6/19/2045,Amazon,Liquid Hydrogen,Liquid Hydrogen,600,1250,20
6/27/2045,2045,Leo Rockett,Titan 2043,1760288,"$176,029 ","4321 Summit Ave, Bellingham, WA 98225",Leo Rockett,6/27/2045,Boeing,Liquid Hydrogen,Liquid Hydrogen,600,1250,20
6/30/2045,2045,Leo Rockett,Titan 2043,1694251,"$169,425 ","4321 Summit Ave, Bellingham, WA 98225",Leo Rockett,6/30/2045,U.S. Department of Defense,Liquid Hydrogen,Liquid Hydrogen,600,1250,20
7/14/2045,2045,Vega Zenith,Titan 2043,2747334,"$109,893 ","2468 Cedar St, Everett, WA 98201",Vega Zenith,7/14/2045,Sound Transit,Liquid Hydrogen,Liquid Hydrogen,600,1250,20
7/20/2045,2045,Nova Kepler,Titan 2043,2916644,"$116,666 ","987 Pinecrest Blvd, Bellevue, WA 98004",Nova Kepler,7/20/2045,Boeing,Liquid Hydrogen,Liquid Hydrogen,600,1250,20
7/28/2045,2045,Leo Rockett,Titan 2043,1847478,"$184,748 ","4321 Summit Ave, Bellingham, WA 98225",Leo Rockett,7/28/2045,Boeing,Liquid Hydrogen,Liquid Hydrogen,600,1250,20
8/1/2045,2045,Leo Rockett,Titan 2043,1792852,"$179,285 ","4321 Summit Ave, Bellingham, WA 98225",Leo Rockett,8/1/2045,Dick's Drive-In,Liquid Hydrogen,Liquid Hydrogen,600,1250,20
8/5/2045,2045,Leo Rockett,Titan 2043,1796586,"$179,659 ","4321 Summit Ave, Bellingham, WA 98225",Leo Rockett,8/5/2045,Sound Transit,Liquid Hydrogen,Liquid Hydrogen,600,1250,20
8/9/2045,2045,Cassio Skyler,Titan 2043,2832968,"$113,319 ","5678 Ridgeview Terrace, Renton, WA 98055",Cassio Skyler,8/9/2045,U.S. Department of Defense,Liquid Hydrogen,Liquid Hydrogen,600,1250,20
8/11/2045,2045,Leo Rockett,Titan 2043,1875643,"$187,564 ","4321 Summit Ave, Bellingham, WA 98225",Leo Rockett,8/11/2045,Sound Transit,Liquid Hydrogen,Liquid Hydrogen,600,1250,20
8/20/2045,2045,Chase Armstrong,Titan 2043,2883260,"$172,996 ","1234 Evergreen Way, Seattle, WA 98101",Debbie Armstrong,8/20/2045,Armstrong Industrial,Liquid Hydrogen,Liquid Hydrogen,600,1250,20
8/28/2045,2045,Leo Rockett,Titan 2043,1931567,"$193,157 ","4321 Summit Ave, Bellingham, WA 98225",Leo Rockett,8/28/2045,U.S. Department of Defense,Liquid Hydrogen,Liquid Hydrogen,600,1250,20
8/31/2045,2045,Leo Rockett,Titan 2043,1778053,"$177,805 ","4321 Summit Ave, Bellingham, WA 98225",Leo Rockett,8/31/2045,Sound Transit,Liquid Hydrogen,Liquid Hydrogen,600,1250,20
9/12/2045,2045,Chase Armstrong,Titan 2043,2961169,"$177,670 ","1234 Evergreen Way, Seattle, WA 98101",Debbie Armstrong,9/12/2045,Armstrong Industrial,Liquid Hydrogen,Liquid Hydrogen,600,1250,20
9/15/2045,2045,Leo Rockett,Titan 2043,1875479,"$187,548 ","4321 Summit Ave, Bellingham, WA 98225",Leo Rockett,9/15/2045,Dick's Drive-In,Liquid Hydrogen,Liquid Hydrogen,600,1250,20
9/19/2045,2045,Leo Rockett,Titan 2043,1931813,"$193,181 ","4321 Summit Ave, Bellingham, WA 98225",Leo Rockett,9/19/2045,U.S. Department of Defense,Liquid Hydrogen,Liquid Hydrogen,600,1250,20
9/27/2045,2045,Nova Kepler,Titan 2043,2825570,"$113,023 ","987 Pinecrest Blvd, Bellevue, WA 98004",Nova Kepler,9/27/2045,Sound Transit,Liquid Hydrogen,Liquid Hydrogen,600,1250,20
10/5/2045,2045,Cassio Skyler,Titan 2043,2721123,"$108,845 ","5678 Ridgeview Terrace, Renton, WA 98055",Cassio Skyler,10/5/2045,Dick's Drive-In,Liquid Hydrogen,Liquid Hydrogen,600,1250,20
10/6/2045,2045,Leo Rockett,Titan 2043,1752292,"$175,229 ","4321 Summit Ave, Bellingham, WA 98225",Leo Rockett,10/6/2045,Dick's Drive-In,Liquid Hydrogen,Liquid Hydrogen,600,1250,20
10/12/2045,2045,Leo Rockett,Titan 2043,1799566,"$179,957 ","4321 Summit Ave, Bellingham, WA 98225",Leo Rockett,10/12/2045,Sound Transit,Liquid Hydrogen,Liquid Hydrogen,600,1250,20
10/13/2045,2045,Atlas Ryder,Titan 2043,2693940,"$107,758 ","1357 Rainier Rd, Kirkland, WA 98033",Atlas Ryder,10/13/2045,Dick's Drive-In,Liquid Hydrogen,Liquid Hydrogen,600,1250,20
10/19/2045,2045,Chase Armstrong,Titan 2043,2840834,"$170,450 ","1234 Evergreen Way, Seattle, WA 98101",Debbie Armstrong,10/19/2045,Armstrong Industrial,Liquid Hydrogen,Liquid Hydrogen,600,1250,20
10/22/2045,2045,Chase Armstrong,Titan 2043,2937380,"$176,243 ","1234 Evergreen Way, Seattle, WA 98101",Debbie Armstrong,10/22/2045,Armstrong Industrial,Liquid Hydrogen,Liquid Hydrogen,600,1250,20
10/27/2045,2045,Chase Armstrong,Titan 2043,2945706,"$176,742 ","1234 Evergreen Way, Seattle, WA 98101",Debbie Armstrong,10/27/2045,Armstrong Industrial,Liquid Hydrogen,Liquid Hydrogen,600,1250,20
10/30/2045,2045,Cassio Skyler,Titan 2043,2825240,"$113,010 ","5678 Ridgeview Terrace, Renton, WA 98055",Cassio Skyler,10/30/2045,Dick's Drive-In,Liquid Hydrogen,Liquid Hydrogen,600,1250,20
11/3/2045,2045,Vega Zenith,Titan 2043,2784841,"$111,394 ","2468 Cedar St, Everett, WA 98201",Vega Zenith,11/3/2045,U.S. Department of Defense,Liquid Hydrogen,Liquid Hydrogen,600,1250,20
11/7/2045,2045,Leo Rockett,Titan 2043,1935565,"$193,557 ","4321 Summit Ave, Bellingham, WA 98225",Leo Rockett,11/7/2045,Sound Transit,Liquid Hydrogen,Liquid Hydrogen,600,1250,20
11/13/2045,2045,Nova Kepler,Titan 2043,2881622,"$115,265 ","987 Pinecrest Blvd, Bellevue, WA 98004",Nova Kepler,11/13/2045,Sound Transit,Liquid Hydrogen,Liquid Hydrogen,600,1250,20
11/25/2045,2045,Leo Rockett,Titan 2043,1846669,"$184,667 ","4321 Summit Ave, Bellingham, WA 98225",Leo Rockett,11/25/2045,Sound Transit,Liquid Hydrogen,Liquid Hydrogen,600,1250,20
11/26/2045,2045,Cassio Skyler,Titan 2043,2671865,"$106,875 ","5678 Ridgeview Terrace, Renton, WA 98055",Cassio Skyler,11/26/2045,U.S. Department of Defense,Liquid Hydrogen,Liquid Hydrogen,600,1250,20
11/30/2045,2045,Leo Rockett,Titan 2043,1803897,"$180,390 ","4321 Summit Ave, Bellingham, WA 98225",Leo Rockett,11/30/2045,Sound Transit,Liquid Hydrogen,Liquid Hydrogen,600,1250,20
12/7/2045,2045,Leo Rockett,Titan 2043,1871000,"$187,100 ","4321 Summit Ave, Bellingham, WA 98225",Leo Rockett,12/7/2045,Dick's Drive-In,Liquid Hydrogen,Liquid Hydrogen,600,1250,20
12/12/2045,2045,Leo Rockett,Titan 2043,1914752,"$191,475 ","4321 Summit Ave, Bellingham, WA 98225",Leo Rockett,12/12/2045,Dick's Drive-In,Liquid Hydrogen,Liquid Hydrogen,600,1250,20
12/28/2045,2045,Chase Armstrong,Titan 2043,2741888,"$164,513 ","1234 Evergreen Way, Seattle, WA 98101",Debbie Armstrong,12/28/2045,Armstrong Industrial,Liquid Hydrogen,Liquid Hydrogen,600,1250,20
1/1/2046,2046,Leo Rockett,Titan 2043,1655681,"$165,568 ","4321 Summit Ave, Bellingham, WA 98225",Leo Rockett,1/1/2046,U.S. Department of Defense,Liquid Hydrogen,Liquid Hydrogen,600,1250,20
1/6/2046,2046,Atlas Ryder,Titan 2043,2729325,"$109,173 ","1357 Rainier Rd, Kirkland, WA 98033",Atlas Ryder,1/6/2046,Dick's Drive-In,Liquid Hydrogen,Liquid Hydrogen,600,1250,20
1/15/2046,2046,Cassio Skyler,Titan 2043,2584774,"$103,391 ","5678 Ridgeview Terrace, Renton, WA 98055",Cassio Skyler,1/15/2046,Sound Transit,Liquid Hydrogen,Liquid Hydrogen,600,1250,20
1/18/2046,2046,Leo Rockett,Titan 2043,1925960,"$192,596 ","4321 Summit Ave, Bellingham, WA 98225",Leo Rockett,1/18/2046,Sound Transit,Liquid Hydrogen,Liquid Hydrogen,600,1250,20
1/29/2046,2046,Chase Armstrong,Titan 2043,2844666,"$170,680 ","1234 Evergreen Way, Seattle, WA 98101",Debbie Armstrong,1/29/2046,Armstrong Industrial,Liquid Hydrogen,Liquid Hydrogen,600,1250,20
2/21/2046,2046,Leo Rockett,Titan 2043,1838452,"$183,845 ","4321 Summit Ave, Bellingham, WA 98225",Leo Rockett,2/21/2046,Sound Transit,Liquid Hydrogen,Liquid Hydrogen,600,1250,20
2/27/2046,2046,Stella Ignis,Titan 2043,2795173,"$111,807 ","2345 Alder Lane, Redmond, WA 98052",Stella Ignis,2/27/2046,Dick's Drive-In,Liquid Hydrogen,Liquid Hydrogen,600,1250,20
3/6/2046,2046,Leo Rockett,Titan 2043,1719013,"$171,901 ","4321 Summit Ave, Bellingham, WA 98225",Leo Rockett,3/6/2046,Armstrong Industrial,Liquid Hydrogen,Liquid Hydrogen,600,1250,20
3/10/2046,2046,Luna Vector,Titan 2043,2574020,"$128,701 ","7890 Harbor St, Spokane, WA 99201",Luna Vector,3/10/2046,Dick's Drive-In,Liquid Hydrogen,Liquid Hydrogen,600,1250,20
3/20/2046,2046,Vega Zenith,Titan 2043,2730519,"$109,221 ","2468 Cedar St, Everett, WA 98201",Vega Zenith,3/20/2046,Sound Transit,Liquid Hydrogen,Liquid Hydrogen,600,1250,20
4/7/2046,2046,Atlas Ryder,Titan 2043,2752153,"$110,086 ","1357 Rainier Rd, Kirkland, WA 98033",Atlas Ryder,4/7/2046,Dick's Drive-In,Liquid Hydrogen,Liquid Hydrogen,600,1250,20
4/12/2046,2046,Chase Armstrong,Titan 2043,2704261,"$162,256 ","1234 Evergreen Way, Seattle, WA 98101",Debbie Armstrong,4/12/2046,Armstrong Industrial,Liquid Hydrogen,Liquid Hydrogen,600,1250,20
4/19/2046,2046,Leo Rockett,Titan 2043,1947357,"$194,736 ","4321 Summit Ave, Bellingham, WA 98225",Leo Rockett,4/19/2046,U.S. Department of Defense,Liquid Hydrogen,Liquid Hydrogen,600,1250,20
4/30/2046,2046,Vega Zenith,Titan 2043,2708440,"$108,338 ","2468 Cedar St, Everett, WA 98201",Vega Zenith,4/30/2046,Sound Transit,Liquid Hydrogen,Liquid Hydrogen,600,1250,20
5/5/2046,2046,Leo Rockett,Titan 2043,1865250,"$186,525 ","4321 Summit Ave, Bellingham, WA 98225",Leo Rockett,5/5/2046,Pagliacci Pizza,Liquid Hydrogen,Liquid Hydrogen,600,1250,20
5/9/2046,2046,Leo Rockett,Titan 2043,1706918,"$170,692 ","4321 Summit Ave, Bellingham, WA 98225",Leo Rockett,5/9/2046,U.S. Department of Defense,Liquid Hydrogen,Liquid Hydrogen,600,1250,20
5/19/2046,2046,Leo Rockett,Titan 2043,1905221,"$190,522 ","4321 Summit Ave, Bellingham, WA 98225",Leo Rockett,5/19/2046,Pagliacci Pizza,Liquid Hydrogen,Liquid Hydrogen,600,1250,20
5/29/2046,2046,Cassio Skyler,Titan 2043,2628494,"$105,140 ","5678 Ridgeview Terrace, Renton, WA 98055",Cassio Skyler,5/29/2046,Dick's Drive-In,Liquid Hydrogen,Liquid Hydrogen,600,1250,20
6/8/2046,2046,Leo Rockett,Titan 2043,1683791,"$168,379 ","4321 Summit Ave, Bellingham, WA 98225",Leo Rockett,6/8/2046,Sound Transit,Liquid Hydrogen,Liquid Hydrogen,600,1250,20
6/13/2046,2046,Leo Rockett,Titan 2043,1732361,"$173,236 ","4321 Summit Ave, Bellingham, WA 98225",Leo Rockett,6/13/2046,Sound Transit,Liquid Hydrogen,Liquid Hydrogen,600,1250,20
6/17/2046,2046,Leo Rockett,Titan 2043,1865210,"$186,521 ","4321 Summit Ave, Bellingham, WA 98225",Leo Rockett,6/17/2046,Sound Transit,Liquid Hydrogen,Liquid Hydrogen,600,1250,20
6/19/2046,2046,Cassio Skyler,Titan 2043,2608004,"$104,320 ","5678 Ridgeview Terrace, Renton, WA 98055",Cassio Skyler,6/19/2046,Dick's Drive-In,Liquid Hydrogen,Liquid Hydrogen,600,1250,20
6/21/2046,2046,Vega Zenith,Titan 2043,2695003,"$107,800 ","2468 Cedar St, Everett, WA 98201",Vega Zenith,6/21/2046,U.S. Department of Defense,Liquid Hydrogen,Liquid Hydrogen,600,1250,20
7/14/2046,2046,Stella Ignis,Titan 2043,2830220,"$113,209 ","2345 Alder Lane, Redmond, WA 98052",Stella Ignis,7/14/2046,Amazon,Liquid Hydrogen,Liquid Hydrogen,600,1250,20
7/20/2046,2046,Chase Armstrong,Titan 2043,2921254,"$175,275 ","1234 Evergreen Way, Seattle, WA 98101",Debbie Armstrong,7/20/2046,Armstrong Industrial,Liquid Hydrogen,Liquid Hydrogen,600,1250,20
7/28/2046,2046,Chase Armstrong,Titan 2043,2728471,"$163,708 ","1234 Evergreen Way, Seattle, WA 98101",Debbie Armstrong,7/28/2046,Armstrong Industrial,Liquid Hydrogen,Liquid Hydrogen,600,1250,20
7/31/2046,2046,Nova Kepler,Titan 2043,2846947,"$113,878 ","987 Pinecrest Blvd, Bellevue, WA 98004",Nova Kepler,7/31/2046,Amazon,Liquid Hydrogen,Liquid Hydrogen,600,1250,20
8/9/2046,2046,Chase Armstrong,Titan 2043,2720136,"$163,208 ","1234 Evergreen Way, Seattle, WA 98101",Debbie Armstrong,8/9/2046,Armstrong Industrial,Liquid Hydrogen,Liquid Hydrogen,600,1250,20
8/13/2046,2046,Vega Zenith,Titan 2043,2801466,"$112,059 ","2468 Cedar St, Everett, WA 98201",Vega Zenith,8/13/2046,Dick's Drive-In,Liquid Hydrogen,Liquid Hydrogen,600,1250,20
9/14/2046,2046,Chase Armstrong,Titan 2043,2772952,"$166,377 ","1234 Evergreen Way, Seattle, WA 98101",Debbie Armstrong,9/14/2046,Armstrong Industrial,Liquid Hydrogen,Liquid Hydrogen,600,1250,20
10/3/2046,2046,Chase Armstrong,Titan 2043,2922686,"$175,361 ","1234 Evergreen Way, Seattle, WA 98101",Debbie Armstrong,10/3/2046,Armstrong Industrial,Liquid Hydrogen,Liquid Hydrogen,600,1250,20
10/10/2046,2046,Leo Rockett,Titan 2043,1748623,"$174,862 ","4321 Summit Ave, Bellingham, WA 98225",Leo Rockett,10/10/2046,Dick's Drive-In,Liquid Hydrogen,Liquid Hydrogen,600,1250,20
10/16/2046,2046,Vega Zenith,Titan 2043,2701293,"$108,052 ","2468 Cedar St, Everett, WA 98201",Vega Zenith,10/16/2046,Sound Transit,Liquid Hydrogen,Liquid Hydrogen,600,1250,20
10/19/2046,2046,Orion Blaze,Titan 2043,2826361,"$84,791 ","4567 Cascade Ave, Tacoma, WA 98402",Orion Blaze,10/19/2046,Dick's Drive-In,Liquid Hydrogen,Liquid Hydrogen,600,1250,20
10/28/2046,2046,Atlas Ryder,Titan 2043,2582155,"$103,286 ","1357 Rainier Rd, Kirkland, WA 98033",Atlas Ryder,10/28/2046,Sound Transit,Liquid Hydrogen,Liquid Hydrogen,600,1250,20
10/29/2046,2046,Atlas Ryder,Titan 2043,2629967,"$105,199 ","1357 Rainier Rd, Kirkland, WA 98033",Atlas Ryder,10/29/2046,Sound Transit,Liquid Hydrogen,Liquid Hydrogen,600,1250,20
11/3/2046,2046,Chase Armstrong,Titan 2043,2705045,"$162,303 ","1234 Evergreen Way, Seattle, WA 98101",Debbie Armstrong,11/3/2046,Armstrong Industrial,Liquid Hydrogen,Liquid Hydrogen,600,1250,20
11/8/2046,2046,Cassio Skyler,Titan 2043,2659373,"$106,375 ","5678 Ridgeview Terrace, Renton, WA 98055",Cassio Skyler,11/8/2046,Pagliacci Pizza,Liquid Hydrogen,Liquid Hydrogen,600,1250,20
11/12/2046,2046,Vega Zenith,Titan 2043,2579392,"$103,176 ","2468 Cedar St, Everett, WA 98201",Vega Zenith,11/12/2046,Pagliacci Pizza,Liquid Hydrogen,Liquid Hydrogen,600,1250,20
11/14/2046,2046,Chase Armstrong,Titan 2043,2898281,"$173,897 ","1234 Evergreen Way, Seattle, WA 98101",Debbie Armstrong,11/14/2046,Armstrong Industrial,Liquid Hydrogen,Liquid Hydrogen,600,1250,20
12/1/2046,2046,Leo Rockett,Titan 2043,1720210,"$172,021 ","4321 Summit Ave, Bellingham, WA 98225",Leo Rockett,12/1/2046,Amazon,Liquid Hydrogen,Liquid Hydrogen,600,1250,20
12/18/2046,2046,Atlas Ryder,Titan 2043,2700439,"$108,018 ","1357 Rainier Rd, Kirkland, WA 98033",Atlas Ryder,12/18/2046,Dick's Drive-In,Liquid Hydrogen,Liquid Hydrogen,600,1250,20
12/30/2046,2046,Leo Rockett,Titan 2043,1707042,"$170,704 ","4321 Summit Ave, Bellingham, WA 98225",Leo Rockett,12/30/2046,Sound Transit,Liquid Hydrogen,Liquid Hydrogen,600,1250,20
1/2/2047,2047,Leo Rockett,Titan 2043,1857670,"$185,767 ","4321 Summit Ave, Bellingham, WA 98225",Leo Rockett,1/2/2047,Pagliacci Pizza,Liquid Hydrogen,Liquid Hydrogen,600,1250,20
1/7/2047,2047,Cassio Skyler,Titan 2043,2608877,"$104,355 ","5678 Ridgeview Terrace, Renton, WA 98055",Cassio Skyler,1/7/2047,U.S. Department of Defense,Liquid Hydrogen,Liquid Hydrogen,600,1250,20
1/10/2047,2047,Cassio Skyler,Titan 2043,2758249,"$110,330 ","5678 Ridgeview Terrace, Renton, WA 98055",Cassio Skyler,1/10/2047,Dick's Drive-In,Liquid Hydrogen,Liquid Hydrogen,600,1250,20
1/14/2047,2047,Luna Vector,Titan 2043,2662538,"$133,127 ","7890 Harbor St, Spokane, WA 99201",Luna Vector,1/14/2047,Pagliacci Pizza,Liquid Hydrogen,Liquid Hydrogen,600,1250,20
1/21/2047,2047,Chase Armstrong,Titan 2043,2873302,"$172,398 ","1234 Evergreen Way, Seattle, WA 98101",Debbie Armstrong,1/21/2047,Armstrong Industrial,Liquid Hydrogen,Liquid Hydrogen,600,1250,20
1/22/2047,2047,Nova Kepler,Titan 2043,2803045,"$112,122 ","987 Pinecrest Blvd, Bellevue, WA 98004",Nova Kepler,1/22/2047,Boeing,Liquid Hydrogen,Liquid Hydrogen,600,1250,20
2/6/2047,2047,Atlas Ryder,Titan 2043,2738850,"$109,554 ","1357 Rainier Rd, Kirkland, WA 98033",Atlas Ryder,2/6/2047,Dick's Drive-In,Liquid Hydrogen,Liquid Hydrogen,600,1250,20
2/18/2047,2047,Leo Rockett,Titan 2043,1825009,"$182,501 ","4321 Summit Ave, Bellingham, WA 98225",Leo Rockett,2/18/2047,U.S. Department of Defense,Liquid Hydrogen,Liquid Hydrogen,600,1250,20
3/11/2047,2047,Nova Kepler,Titan 2043,2980113,"$119,205 ","987 Pinecrest Blvd, Bellevue, WA 98004",Nova Kepler,3/11/2047,U.S. Department of Defense,Liquid Hydrogen,Liquid Hydrogen,600,1250,20
4/3/2047,2047,Leo Rockett,Titan 2043,1851079,"$185,108 ","4321 Summit Ave, Bellingham, WA 98225",Leo Rockett,4/3/2047,Sound Transit,Liquid Hydrogen,Liquid Hydrogen,600,1250,20
4/5/2047,2047,Chase Armstrong,Titan 2043,2747751,"$164,865 ","1234 Evergreen Way, Seattle, WA 98101",Debbie Armstrong,4/5/2047,Armstrong Industrial,Liquid Hydrogen,Liquid Hydrogen,600,1250,20
4/6/2047,2047,Leo Rockett,Titan 2043,1683856,"$168,386 ","4321 Summit Ave, Bellingham, WA 98225",Leo Rockett,4/6/2047,Amazon,Liquid Hydrogen,Liquid Hydrogen,600,1250,20
4/9/2047,2047,Leo Rockett,Titan 2043,1686431,"$168,643 ","4321 Summit Ave, Bellingham, WA 98225",Leo Rockett,4/9/2047,Sound Transit,Liquid Hydrogen,Liquid Hydrogen,600,1250,20
4/12/2047,2047,Vega Zenith,Titan 2043,2724874,"$108,995 ","2468 Cedar St, Everett, WA 98201",Vega Zenith,4/12/2047,Boeing,Liquid Hydrogen,Liquid Hydrogen,600,1250,20
4/13/2047,2047,Chase Armstrong,Titan 2043,2746291,"$164,777 ","1234 Evergreen Way, Seattle, WA 98101",Debbie Armstrong,4/13/2047,Armstrong Industrial,Liquid Hydrogen,Liquid Hydrogen,600,1250,20
4/18/2047,2047,Leo Rockett,Titan 2043,1682693,"$168,269 ","4321 Summit Ave, Bellingham, WA 98225",Leo Rockett,4/18/2047,U.S. Department of Defense,Liquid Hydrogen,Liquid Hydrogen,600,1250,20
4/26/2047,2047,Luna Vector,Titan 2043,2669499,"$133,475 ","7890 Harbor St, Spokane, WA 99201",Luna Vector,4/26/2047,Dick's Drive-In,Liquid Hydrogen,Liquid Hydrogen,600,1250,20
4/30/2047,2047,Nova Kepler,Titan 2043,2980187,"$119,207 ","987 Pinecrest Blvd, Bellevue, WA 98004",Nova Kepler,4/30/2047,Dick's Drive-In,Liquid Hydrogen,Liquid Hydrogen,600,1250,20
5/6/2047,2047,Leo Rockett,Titan 2043,1871673,"$187,167 ","4321 Summit Ave, Bellingham, WA 98225",Leo Rockett,5/6/2047,U.S. Department of Defense,Liquid Hydrogen,Liquid Hydrogen,600,1250,20
5/8/2047,2047,Cassio Skyler,Titan 2043,2673356,"$106,934 ","5678 Ridgeview Terrace, Renton, WA 98055",Cassio Skyler,5/8/2047,Dick's Drive-In,Liquid Hydrogen,Liquid Hydrogen,600,1250,20
5/10/2047,2047,Chase Armstrong,Titan 2043,2763411,"$165,805 ","1234 Evergreen Way, Seattle, WA 98101",Debbie Armstrong,5/10/2047,Armstrong Industrial,Liquid Hydrogen,Liquid Hydrogen,600,1250,20
5/25/2047,2047,Chase Armstrong,Titan 2043,2763437,"$165,806 ","1234 Evergreen Way, Seattle, WA 98101",Debbie Armstrong,5/25/2047,Armstrong Industrial,Liquid Hydrogen,Liquid Hydrogen,600,1250,20
6/3/2047,2047,Nova Kepler,Titan 2043,2926155,"$117,046 ","987 Pinecrest Blvd, Bellevue, WA 98004",Nova Kepler,6/3/2047,Dick's Drive-In,Liquid Hydrogen,Liquid Hydrogen,600,1250,20
6/7/2047,2047,Chase Armstrong,Titan 2043,2879259,"$172,756 ","1234 Evergreen Way, Seattle, WA 98101",Debbie Armstrong,6/7/2047,Armstrong Industrial,Liquid Hydrogen,Liquid Hydrogen,600,1250,20
6/19/2047,2047,Chase Armstrong,Titan 2043,2898767,"$173,926 ","1234 Evergreen Way, Seattle, WA 98101",Debbie Armstrong,6/19/2047,Armstrong Industrial,Liquid Hydrogen,Liquid Hydrogen,600,1250,20
6/23/2047,2047,Leo Rockett,Titan 2043,1803342,"$180,334 ","4321 Summit Ave, Bellingham, WA 98225",Leo Rockett,6/23/2047,U.S. Department of Defense,Liquid Hydrogen,Liquid Hydrogen,600,1250,20
6/26/2047,2047,Vega Zenith,Titan 2043,2569704,"$102,788 ","2468 Cedar St, Everett, WA 98201",Vega Zenith,6/26/2047,Sound Transit,Liquid Hydrogen,Liquid Hydrogen,600,1250,20
7/6/2047,2047,Cassio Skyler,Titan 2043,2672931,"$106,917 ","5678 Ridgeview Terrace, Renton, WA 98055",Cassio Skyler,7/6/2047,Sound Transit,Liquid Hydrogen,Liquid Hydrogen,600,1250,20
7/8/2047,2047,Chase Armstrong,Titan 2043,2930516,"$175,831 ","1234 Evergreen Way, Seattle, WA 98101",Debbie Armstrong,7/8/2047,Armstrong Industrial,Liquid Hydrogen,Liquid Hydrogen,600,1250,20
7/20/2047,2047,Cassio Skyler,Titan 2043,2631839,"$105,274 ","5678 Ridgeview Terrace, Renton, WA 98055",Cassio Skyler,7/20/2047,Pagliacci Pizza,Liquid Hydrogen,Liquid Hydrogen,600,1250,20
8/5/2047,2047,Leo Rockett,Titan 2043,1747593,"$174,759 ","4321 Summit Ave, Bellingham, WA 98225",Leo Rockett,8/5/2047,Dick's Drive-In,Liquid Hydrogen,Liquid Hydrogen,600,1250,20
8/10/2047,2047,Leo Rockett,Titan 2043,1890096,"$189,010 ","4321 Summit Ave, Bellingham, WA 98225",Leo Rockett,8/10/2047,Dick's Drive-In,Liquid Hydrogen,Liquid Hydrogen,600,1250,20
8/16/2047,2047,Cassio Skyler,Titan 2043,2583642,"$103,346 ","5678 Ridgeview Terrace, Renton, WA 98055",Cassio Skyler,8/16/2047,Dick's Drive-In,Liquid Hydrogen,Liquid Hydrogen,600,1250,20
8/25/2047,2047,Chase Armstrong,Titan 2043,2780009,"$166,801 ","1234 Evergreen Way, Seattle, WA 98101",Debbie Armstrong,8/25/2047,Armstrong Industrial,Liquid Hydrogen,Liquid Hydrogen,600,1250,20
9/2/2047,2047,Leo Rockett,Titan 2043,1943544,"$194,354 ","4321 Summit Ave, Bellingham, WA 98225",Leo Rockett,9/2/2047,Pagliacci Pizza,Liquid Hydrogen,Liquid Hydrogen,600,1250,20
9/18/2047,2047,Stella Ignis,Titan 2043,2641854,"$105,674 ","2345 Alder Lane, Redmond, WA 98052",Stella Ignis,9/18/2047,U.S. Department of Defense,Liquid Hydrogen,Liquid Hydrogen,600,1250,20
9/22/2047,2047,Leo Rockett,Titan 2043,1714099,"$171,410 ","4321 Summit Ave, Bellingham, WA 98225",Leo Rockett,9/22/2047,Dick's Drive-In,Liquid Hydrogen,Liquid Hydrogen,600,1250,20
10/3/2047,2047,Leo Rockett,Titan 2043,1659641,"$165,964 ","4321 Summit Ave, Bellingham, WA 98225",Leo Rockett,10/3/2047,U.S. Department of Defense,Liquid Hydrogen,Liquid Hydrogen,600,1250,20
10/8/2047,2047,Leo Rockett,Titan 2043,1927944,"$192,794 ","4321 Summit Ave, Bellingham, WA 98225",Leo Rockett,10/8/2047,Boeing,Liquid Hydrogen,Liquid Hydrogen,600,1250,20
10/17/2047,2047,Cassio Skyler,Titan 2043,2705679,"$108,227 ","5678 Ridgeview Terrace, Renton, WA 98055",Cassio Skyler,10/17/2047,Pagliacci Pizza,Liquid Hydrogen,Liquid Hydrogen,600,1250,20
10/25/2047,2047,Leo Rockett,Titan 2043,1772223,"$177,222 ","4321 Summit Ave, Bellingham, WA 98225",Leo Rockett,10/25/2047,Dick's Drive-In,Liquid Hydrogen,Liquid Hydrogen,600,1250,20
10/28/2047,2047,Nova Kepler,Titan 2043,2947589,"$117,904 ","987 Pinecrest Blvd, Bellevue, WA 98004",Nova Kepler,10/28/2047,Amazon,Liquid Hydrogen,Liquid Hydrogen,600,1250,20
10/29/2047,2047,Leo Rockett,Titan 2043,1868812,"$186,881 ","4321 Summit Ave, Bellingham, WA 98225",Leo Rockett,10/29/2047,Pagliacci Pizza,Liquid Hydrogen,Liquid Hydrogen,600,1250,20
11/13/2047,2047,Vega Zenith,Titan 2043,2629920,"$105,197 ","2468 Cedar St, Everett, WA 98201",Vega Zenith,11/13/2047,Boeing,Liquid Hydrogen,Liquid Hydrogen,600,1250,20
11/14/2047,2047,Leo Rockett,Titan 2043,1873251,"$187,325 ","4321 Summit Ave, Bellingham, WA 98225",Leo Rockett,11/14/2047,Sound Transit,Liquid Hydrogen,Liquid Hydrogen,600,1250,20
11/15/2047,2047,Leo Rockett,Titan 2043,1736349,"$173,635 ","4321 Summit Ave, Bellingham, WA 98225",Leo Rockett,11/15/2047,U.S. Department of Defense,Liquid Hydrogen,Liquid Hydrogen,600,1250,20
12/12/2047,2047,Leo Rockett,Titan 2043,1854303,"$185,430 ","4321 Summit Ave, Bellingham, WA 98225",Leo Rockett,12/12/2047,Dick's Drive-In,Liquid Hydrogen,Liquid Hydrogen,600,1250,20
12/17/2047,2047,Leo Rockett,Titan 2043,1810134,"$181,013 ","4321 Summit Ave, Bellingham, WA 98225",Leo Rockett,12/17/2047,Armstrong Industrial,Liquid Hydrogen,Liquid Hydrogen,600,1250,20
12/28/2047,2047,Stella Ignis,Titan 2043,2668709,"$106,748 ","2345 Alder Lane, Redmond, WA 98052",Stella Ignis,12/28/2047,U.S. Department of Defense,Liquid Hydrogen,Liquid Hydrogen,600,1250,20
12/29/2047,2047,Atlas Ryder,Titan 2043,2558208,"$102,328 ","1357 Rainier Rd, Kirkland, WA 98033",Atlas Ryder,12/29/2047,U.S. Department of Defense,Liquid Hydrogen,Liquid Hydrogen,600,1250,20
1/21/2048,2048,Chase Armstrong,Titan 2043,2742431,"$164,546 ","1234 Evergreen Way, Seattle, WA 98101",Debbie Armstrong,1/21/2048,Armstrong Industrial,Liquid Hydrogen,Liquid Hydrogen,600,1250,20
1/25/2048,2048,Chase Armstrong,Titan 2043,2843968,"$170,638 ","1234 Evergreen Way, Seattle, WA 98101",Debbie Armstrong,1/25/2048,Armstrong Industrial,Liquid Hydrogen,Liquid Hydrogen,600,1250,20
2/3/2048,2048,Leo Rockett,Titan 2043,1697780,"$169,778 ","4321 Summit Ave, Bellingham, WA 98225",Leo Rockett,2/3/2048,Sound Transit,Liquid Hydrogen,Liquid Hydrogen,600,1250,20
2/6/2048,2048,Cassio Skyler,Titan 2043,2580270,"$103,211 ","5678 Ridgeview Terrace, Renton, WA 98055",Cassio Skyler,2/6/2048,Amazon,Liquid Hydrogen,Liquid Hydrogen,600,1250,20
2/11/2048,2048,Vega Zenith,Titan 2043,2584312,"$103,372 ","2468 Cedar St, Everett, WA 98201",Vega Zenith,2/11/2048,Sound Transit,Liquid Hydrogen,Liquid Hydrogen,600,1250,20
2/15/2048,2048,Leo Rockett,Titan 2043,1715162,"$171,516 ","4321 Summit Ave, Bellingham, WA 98225",Leo Rockett,2/15/2048,U.S. Department of Defense,Liquid Hydrogen,Liquid Hydrogen,600,1250,20
2/20/2048,2048,Chase Armstrong,Titan 2043,2924121,"$175,447 ","1234 Evergreen Way, Seattle, WA 98101",Debbie Armstrong,2/20/2048,Armstrong Industrial,Liquid Hydrogen,Liquid Hydrogen,600,1250,20
3/4/2048,2048,Cassio Skyler,Titan 2043,2772818,"$110,913 ","5678 Ridgeview Terrace, Renton, WA 98055",Cassio Skyler,3/4/2048,U.S. Department of Defense,Liquid Hydrogen,Liquid Hydrogen,600,1250,20
3/6/2048,2048,Leo Rockett,Titan 2043,1947939,"$194,794 ","4321 Summit Ave, Bellingham, WA 98225",Leo Rockett,3/6/2048,Pagliacci Pizza,Liquid Hydrogen,Liquid Hydrogen,600,1250,20
3/17/2048,2048,Leo Rockett,Titan 2043,1670175,"$167,018 ","4321 Summit Ave, Bellingham, WA 98225",Leo Rockett,3/17/2048,U.S. Department of Defense,Liquid Hydrogen,Liquid Hydrogen,600,1250,20
3/23/2048,2048,Nova Kepler,Titan 2043,2758427,"$110,337 ","987 Pinecrest Blvd, Bellevue, WA 98004",Nova Kepler,3/23/2048,Sound Transit,Liquid Hydrogen,Liquid Hydrogen,600,1250,20
3/31/2048,2048,Leo Rockett,Titan 2043,1786658,"$178,666 ","4321 Summit Ave, Bellingham, WA 98225",Leo Rockett,3/31/2048,U.S. Department of Defense,Liquid Hydrogen,Liquid Hydrogen,600,1250,20
4/8/2048,2048,Cassio Skyler,Titan 2043,2731184,"$109,247 ","5678 Ridgeview Terrace, Renton, WA 98055",Cassio Skyler,4/8/2048,Pagliacci Pizza,Liquid Hydrogen,Liquid Hydrogen,600,1250,20
4/12/2048,2048,Cassio Skyler,Titan 2043,2759480,"$110,379 ","5678 Ridgeview Terrace, Renton, WA 98055",Cassio Skyler,4/12/2048,U.S. Department of Defense,Liquid Hydrogen,Liquid Hydrogen,600,1250,20
4/17/2048,2048,Leo Rockett,Titan 2043,1934919,"$193,492 ","4321 Summit Ave, Bellingham, WA 98225",Leo Rockett,4/17/2048,U.S. Department of Defense,Liquid Hydrogen,Liquid Hydrogen,600,1250,20
4/24/2048,2048,Vega Zenith,Titan 2043,2724173,"$108,967 ","2468 Cedar St, Everett, WA 98201",Vega Zenith,4/24/2048,Dick's Drive-In,Liquid Hydrogen,Liquid Hydrogen,600,1250,20
4/27/2048,2048,Leo Rockett,Titan 2043,1750496,"$175,050 ","4321 Summit Ave, Bellingham, WA 98225",Leo Rockett,4/27/2048,U.S. Department of Defense,Liquid Hydrogen,Liquid Hydrogen,600,1250,20
4/30/2048,2048,Chase Armstrong,Titan 2043,2756531,"$165,392 ","1234 Evergreen Way, Seattle, WA 98101",Debbie Armstrong,4/30/2048,Armstrong Industrial,Liquid Hydrogen,Liquid Hydrogen,600,1250,20
5/4/2048,2048,Atlas Ryder,Titan 2043,2695147,"$107,806 ","1357 Rainier Rd, Kirkland, WA 98033",Atlas Ryder,5/4/2048,Amazon,Liquid Hydrogen,Liquid Hydrogen,600,1250,20
5/10/2048,2048,Chase Armstrong,Titan 2043,2794727,"$167,684 ","1234 Evergreen Way, Seattle, WA 98101",Debbie Armstrong,5/10/2048,Armstrong Industrial,Liquid Hydrogen,Liquid Hydrogen,600,1250,20
5/15/2048,2048,Atlas Ryder,Titan 2043,2649403,"$105,976 ","1357 Rainier Rd, Kirkland, WA 98033",Atlas Ryder,5/15/2048,Armstrong Industrial,Liquid Hydrogen,Liquid Hydrogen,600,1250,20
5/21/2048,2048,Leo Rockett,Titan 2043,1789655,"$178,966 ","4321 Summit Ave, Bellingham, WA 98225",Leo Rockett,5/21/2048,Dick's Drive-In,Liquid Hydrogen,Liquid Hydrogen,600,1250,20
5/25/2048,2048,Atlas Ryder,Titan 2043,2745048,"$109,802 ","1357 Rainier Rd, Kirkland, WA 98033",Atlas Ryder,5/25/2048,U.S. Department of Defense,Liquid Hydrogen,Liquid Hydrogen,600,1250,20
5/30/2048,2048,Leo Rockett,Titan 2043,1749840,"$174,984 ","4321 Summit Ave, Bellingham, WA 98225",Leo Rockett,5/30/2048,U.S. Department of Defense,Liquid Hydrogen,Liquid Hydrogen,600,1250,20
7/12/2048,2048,Nova Kepler,Titan 2043,2899878,"$115,995 ","987 Pinecrest Blvd, Bellevue, WA 98004",Nova Kepler,7/12/2048,U.S. Department of Defense,Liquid Hydrogen,Liquid Hydrogen,600,1250,20
7/18/2048,2048,Vega Zenith,Titan 2043,2833842,"$113,354 ","2468 Cedar St, Everett, WA 98201",Vega Zenith,7/18/2048,U.S. Department of Defense,Liquid Hydrogen,Liquid Hydrogen,600,1250,20
7/19/2048,2048,Luna Vector,Titan 2043,2573566,"$128,678 ","7890 Harbor St, Spokane, WA 99201",Luna Vector,7/19/2048,Dick's Drive-In,Liquid Hydrogen,Liquid Hydrogen,600,1250,20
8/1/2048,2048,Chase Armstrong,Titan 2043,2845983,"$170,759 ","1234 Evergreen Way, Seattle, WA 98101",Debbie Armstrong,8/1/2048,Armstrong Industrial,Liquid Hydrogen,Liquid Hydrogen,600,1250,20
8/8/2048,2048,Leo Rockett,Titan 2043,1719911,"$171,991 ","4321 Summit Ave, Bellingham, WA 98225",Leo Rockett,8/8/2048,Pagliacci Pizza,Liquid Hydrogen,Liquid Hydrogen,600,1250,20
8/13/2048,2048,Leo Rockett,Titan 2043,1711450,"$171,145 ","4321 Summit Ave, Bellingham, WA 98225",Leo Rockett,8/13/2048,Dick's Drive-In,Liquid Hydrogen,Liquid Hydrogen,600,1250,20
8/23/2048,2048,Leo Rockett,Titan 2043,1682696,"$168,270 ","4321 Summit Ave, Bellingham, WA 98225",Leo Rockett,8/23/2048,Dick's Drive-In,Liquid Hydrogen,Liquid Hydrogen,600,1250,20
8/30/2048,2048,Leo Rockett,Titan 2043,1708745,"$170,875 ","4321 Summit Ave, Bellingham, WA 98225",Leo Rockett,8/30/2048,Dick's Drive-In,Liquid Hydrogen,Liquid Hydrogen,600,1250,20
9/4/2048,2048,Cassio Skyler,Titan 2043,2638627,"$105,545 ","5678 Ridgeview Terrace, Renton, WA 98055",Cassio Skyler,9/4/2048,Dick's Drive-In,Liquid Hydrogen,Liquid Hydrogen,600,1250,20
9/6/2048,2048,Chase Armstrong,Titan 2043,2850219,"$171,013 ","1234 Evergreen Way, Seattle, WA 98101",Debbie Armstrong,9/6/2048,Armstrong Industrial,Liquid Hydrogen,Liquid Hydrogen,600,1250,20
10/1/2048,2048,Leo Rockett,Titan 2043,1731231,"$173,123 ","4321 Summit Ave, Bellingham, WA 98225",Leo Rockett,10/1/2048,Pagliacci Pizza,Liquid Hydrogen,Liquid Hydrogen,600,1250,20
10/5/2048,2048,Cassio Skyler,Titan 2043,2759241,"$110,370 ","5678 Ridgeview Terrace, Renton, WA 98055",Cassio Skyler,10/5/2048,Dick's Drive-In,Liquid Hydrogen,Liquid Hydrogen,600,1250,20
10/10/2048,2048,Leo Rockett,Titan 2043,1661129,"$166,113 ","4321 Summit Ave, Bellingham, WA 98225",Leo Rockett,10/10/2048,Boeing,Liquid Hydrogen,Liquid Hydrogen,600,1250,20
10/13/2048,2048,Vega Zenith,Titan 2043,2761880,"$110,475 ","2468 Cedar St, Everett, WA 98201",Vega Zenith,10/13/2048,Dick's Drive-In,Liquid Hydrogen,Liquid Hydrogen,600,1250,20
10/18/2048,2048,Leo Rockett,Titan 2043,1765916,"$176,592 ","4321 Summit Ave, Bellingham, WA 98225",Leo Rockett,10/18/2048,Sound Transit,Liquid Hydrogen,Liquid Hydrogen,600,1250,20
10/22/2048,2048,Leo Rockett,Titan 2043,1691537,"$169,154 ","4321 Summit Ave, Bellingham, WA 98225",Leo Rockett,10/22/2048,Sound Transit,Liquid Hydrogen,Liquid Hydrogen,600,1250,20
10/24/2048,2048,Atlas Ryder,Titan 2043,2680190,"$107,208 ","1357 Rainier Rd, Kirkland, WA 98033",Atlas Ryder,10/24/2048,Sound Transit,Liquid Hydrogen,Liquid Hydrogen,600,1250,20
10/28/2048,2048,Atlas Ryder,Titan 2043,2576913,"$103,077 ","1357 Rainier Rd, Kirkland, WA 98033",Atlas Ryder,10/28/2048,U.S. Department of Defense,Liquid Hydrogen,Liquid Hydrogen,600,1250,20
11/4/2048,2048,Vega Zenith,Titan 2043,2675822,"$107,033 ","2468 Cedar St, Everett, WA 98201",Vega Zenith,11/4/2048,Dick's Drive-In,Liquid Hydrogen,Liquid Hydrogen,600,1250,20
11/15/2048,2048,Nova Kepler,Titan 2043,2730873,"$109,235 ","987 Pinecrest Blvd, Bellevue, WA 98004",Nova Kepler,11/15/2048,Amazon,Liquid Hydrogen,Liquid Hydrogen,600,1250,20
11/22/2048,2048,Leo Rockett,Titan 2043,1674305,"$167,431 ","4321 Summit Ave, Bellingham, WA 98225",Leo Rockett,11/22/2048,Dick's Drive-In,Liquid Hydrogen,Liquid Hydrogen,600,1250,20
11/28/2048,2048,Leo Rockett,Titan 2043,1777397,"$177,740 ","4321 Summit Ave, Bellingham, WA 98225",Leo Rockett,11/28/2048,U.S. Department of Defense,Liquid Hydrogen,Liquid Hydrogen,600,1250,20
11/30/2048,2048,Leo Rockett,Titan 2043,1832708,"$183,271 ","4321 Summit Ave, Bellingham, WA 98225",Leo Rockett,11/30/2048,Boeing,Liquid Hydrogen,Liquid Hydrogen,600,1250,20
12/15/2048,2048,Leo Rockett,Titan 2043,1681151,"$168,115 ","4321 Summit Ave, Bellingham, WA 98225",Leo Rockett,12/15/2048,Amazon,Liquid Hydrogen,Liquid Hydrogen,600,1250,20
12/27/2048,2048,Leo Rockett,Titan 2043,1876437,"$187,644 ","4321 Summit Ave, Bellingham, WA 98225",Leo Rockett,12/27/2048,Dick's Drive-In,Liquid Hydrogen,Liquid Hydrogen,600,1250,20
12/31/2048,2048,Leo Rockett,Titan 2043,1696740,"$169,674 ","4321 Summit Ave, Bellingham, WA 98225",Leo Rockett,12/31/2048,Pagliacci Pizza,Liquid Hydrogen,Liquid Hydrogen,600,1250,20
1/20/2049,2049,Leo Rockett,Titan 2043,1846644,"$184,664 ","4321 Summit Ave, Bellingham, WA 98225",Leo Rockett,1/20/2049,Sound Transit,Liquid Hydrogen,Liquid Hydrogen,600,1250,20
2/4/2049,2049,Leo Rockett,Titan 2043,1871362,"$187,136 ","4321 Summit Ave, Bellingham, WA 98225",Leo Rockett,2/4/2049,U.S. Department of Defense,Liquid Hydrogen,Liquid Hydrogen,600,1250,20
2/11/2049,2049,Leo Rockett,Titan 2043,1886694,"$188,669 ","4321 Summit Ave, Bellingham, WA 98225",Leo Rockett,2/11/2049,Amazon,Liquid Hydrogen,Liquid Hydrogen,600,1250,20
2/12/2049,2049,Vega Zenith,Titan 2043,2751589,"$110,064 ","2468 Cedar St, Everett, WA 98201",Vega Zenith,2/12/2049,Sound Transit,Liquid Hydrogen,Liquid Hydrogen,600,1250,20
2/14/2049,2049,Chase Armstrong,Titan 2043,2870822,"$172,249 ","1234 Evergreen Way, Seattle, WA 98101",Debbie Armstrong,2/14/2049,Armstrong Industrial,Liquid Hydrogen,Liquid Hydrogen,600,1250,20
2/27/2049,2049,Leo Rockett,Titan 2043,1781349,"$178,135 ","4321 Summit Ave, Bellingham, WA 98225",Leo Rockett,2/27/2049,U.S. Department of Defense,Liquid Hydrogen,Liquid Hydrogen,600,1250,20
4/7/2049,2049,Atlas Ryder,Titan 2043,2711324,"$108,453 ","1357 Rainier Rd, Kirkland, WA 98033",Atlas Ryder,4/7/2049,U.S. Department of Defense,Liquid Hydrogen,Liquid Hydrogen,600,1250,20
4/15/2049,2049,Chase Armstrong,Titan 2043,2733876,"$164,033 ","1234 Evergreen Way, Seattle, WA 98101",Debbie Armstrong,4/15/2049,Armstrong Industrial,Liquid Hydrogen,Liquid Hydrogen,600,1250,20
4/18/2049,2049,Vega Zenith,Titan 2043,2552476,"$102,099 ","2468 Cedar St, Everett, WA 98201",Vega Zenith,4/18/2049,Dick's Drive-In,Liquid Hydrogen,Liquid Hydrogen,600,1250,20
5/1/2049,2049,Atlas Ryder,Titan 2043,2718134,"$108,725 ","1357 Rainier Rd, Kirkland, WA 98033",Atlas Ryder,5/1/2049,Sound Transit,Liquid Hydrogen,Liquid Hydrogen,600,1250,20
5/12/2049,2049,Leo Rockett,Titan 2043,1764484,"$176,448 ","4321 Summit Ave, Bellingham, WA 98225",Leo Rockett,5/12/2049,U.S. Department of Defense,Liquid Hydrogen,Liquid Hydrogen,600,1250,20
5/24/2049,2049,Leo Rockett,Titan 2043,1752209,"$175,221 ","4321 Summit Ave, Bellingham, WA 98225",Leo Rockett,5/24/2049,Sound Transit,Liquid Hydrogen,Liquid Hydrogen,600,1250,20
5/30/2049,2049,Leo Rockett,Titan 2043,1869590,"$186,959 ","4321 Summit Ave, Bellingham, WA 98225",Leo Rockett,5/30/2049,Sound Transit,Liquid Hydrogen,Liquid Hydrogen,600,1250,20
7/3/2049,2049,Chase Armstrong,Titan 2043,2927611,"$175,657 ","1234 Evergreen Way, Seattle, WA 98101",Debbie Armstrong,7/3/2049,Armstrong Industrial,Liquid Hydrogen,Liquid Hydrogen,600,1250,20
7/10/2049,2049,Leo Rockett,Titan 2043,1925647,"$192,565 ","4321 Summit Ave, Bellingham, WA 98225",Leo Rockett,7/10/2049,Sound Transit,Liquid Hydrogen,Liquid Hydrogen,600,1250,20
7/11/2049,2049,Vega Zenith,Titan 2043,2709556,"$108,382 ","2468 Cedar St, Everett, WA 98201",Vega Zenith,7/11/2049,Amazon,Liquid Hydrogen,Liquid Hydrogen,600,1250,20
7/14/2049,2049,Leo Rockett,Titan 2043,1655269,"$165,527 ","4321 Summit Ave, Bellingham, WA 98225",Leo Rockett,7/14/2049,Dick's Drive-In,Liquid Hydrogen,Liquid Hydrogen,600,1250,20
8/1/2049,2049,Cassio Skyler,Titan 2043,2567661,"$102,706 ","5678 Ridgeview Terrace, Renton, WA 98055",Cassio Skyler,8/1/2049,Dick's Drive-In,Liquid Hydrogen,Liquid Hydrogen,600,1250,20
8/7/2049,2049,Chase Armstrong,Titan 2043,2817686,"$169,061 ","1234 Evergreen Way, Seattle, WA 98101",Debbie Armstrong,8/7/2049,Armstrong Industrial,Liquid Hydrogen,Liquid Hydrogen,600,1250,20
8/30/2049,2049,Nova Kepler,Titan 2043,2757778,"$110,311 ","987 Pinecrest Blvd, Bellevue, WA 98004",Nova Kepler,8/30/2049,Dick's Drive-In,Liquid Hydrogen,Liquid Hydrogen,600,1250,20
9/8/2049,2049,Atlas Ryder,Titan 2043,2699704,"$107,988 ","1357 Rainier Rd, Kirkland, WA 98033",Atlas Ryder,9/8/2049,Amazon,Liquid Hydrogen,Liquid Hydrogen,600,1250,20
10/8/2049,2049,Atlas Ryder,Titan 2043,2658508,"$106,340 ","1357 Rainier Rd, Kirkland, WA 98033",Atlas Ryder,10/8/2049,Dick's Drive-In,Liquid Hydrogen,Liquid Hydrogen,600,1250,20
11/13/2049,2049,Vega Zenith,Titan 2043,2676300,"$107,052 ","2468 Cedar St, Everett, WA 98201",Vega Zenith,11/13/2049,Boeing,Liquid Hydrogen,Liquid Hydrogen,600,1250,20
12/4/2049,2049,Chase Armstrong,Titan 2043,2806857,"$168,411 ","1234 Evergreen Way, Seattle, WA 98101",Debbie Armstrong,12/4/2049,Armstrong Industrial,Liquid Hydrogen,Liquid Hydrogen,600,1250,20
12/5/2049,2049,Leo Rockett,Titan 2043,1807307,"$180,731 ","4321 Summit Ave, Bellingham, WA 98225",Leo Rockett,12/5/2049,U.S. Department of Defense,Liquid Hydrogen,Liquid Hydrogen,600,1250,20
12/11/2049,2049,Leo Rockett,Titan 2043,1923889,"$192,389 ","4321 Summit Ave, Bellingham, WA 98225",Leo Rockett,12/11/2049,Pagliacci Pizza,Liquid Hydrogen,Liquid Hydrogen,600,1250,20
